CustomerID,FullName,Email,SignUpDate,City,Country
"CUST-1001","Aditya Gupta","customer.1001@example.com","2023-10-25","Pune","India"
"CUST-1002","Sai Gupta","customer.1002@example.com","2024-02-29","Ahmedabad","India"
"CUST-1003","Arjun Mehta","customer.1003@example.com","2025-06-11","Mumbai","India"
"CUST-1004","Riya Gupta","customer.1004@example.com","2023-06-27","Hyderabad","India"
"CUST-1005","Aarav Gupta","customer.1005@example.com","2023-10-10","Pune","India"
"CUST-1006","Aarav Mehta","customer.1006@example.com","2025-08-06","Bangalore","India"
"CUST-1007","Ishaan Kumar","customer.1007@example.com","2023-12-05","Kolkata","India"
"CUST-1008","Riya Patel","customer.1008@example.com","2025-04-04","Chennai","India"
"CUST-1009","Krishna Kumar","customer.1009@example.com","2023-12-12","Bangalore","India"
"CUST-1010","Ayaan Patel","customer.1010@example.com","2022-06-11","Hyderabad","India"
"CUST-1011","Aditya Sharma","customer.1011@example.com","2023-01-04","Hyderabad","India"
"CUST-1012","Aarav Kumar","customer.1012@example.com","2023-05-19","Delhi","India"
"CUST-1013","Ananya Singh","customer.1013@example.com","2022-10-01","Ahmedabad","India"
"CUST-1014","Kiara Verma","customer.1014@example.com","2024-05-31","Chennai","India"
"CUST-1015","Pari Patel","customer.1015@example.com","2023-11-23","Chennai","India"
"CUST-1016","Pari Gupta","customer.1016@example.com","2024-05-27","Mumbai","India"
"CUST-1017","Reyansh Mehta","customer.1017@example.com","2025-09-04","Ahmedabad","India"
"CUST-1018","Vivaan Patel","customer.1018@example.com","2024-01-10","Chennai","India"
"CUST-1019","Kiara Patel","customer.1019@example.com","2023-12-02","Ahmedabad","India"
"CUST-1020","Ananya Gupta","customer.1020@example.com","2022-04-24","Kolkata","India"
"CUST-1021","Sitara Verma","customer.1021@example.com","2025-08-23","Chennai","India"
"CUST-1022","Reyansh Verma","customer.1022@example.com","2025-10-04","Jaipur","India"
"CUST-1023","Pari Jain","customer.1023@example.com","2024-01-29","Chennai","India"
"CUST-1024","Vivaan Kumar","customer.1024@example.com","2023-05-13","Delhi","India"
"CUST-1025","Diya Mehta","customer.1025@example.com","2025-01-09","Chennai","India"
"CUST-1026","Kiara Singh","customer.1026@example.com","2025-10-23","Jaipur","India"
"CUST-1027","Ananya Mehta","customer.1027@example.com","2022-11-19","Kolkata","India"
"CUST-1028","Aarav Mehta","customer.1028@example.com","2024-07-07","Bangalore","India"
"CUST-1029","Ayaan Reddy","customer.1029@example.com","2023-09-20","Surat","India"
"CUST-1030","Kiara Sharma","customer.1030@example.com","2023-02-17","Bangalore","India"
"CUST-1031","Aadya Sharma","customer.1031@example.com","2023-12-25","Delhi","India"
"CUST-1032","Vihaan Patel","customer.1032@example.com","2023-01-03","Mumbai","India"
"CUST-1033","Ayaan Shah","customer.1033@example.com","2025-02-11","Pune","India"
"CUST-1034","Aditya Verma","customer.1034@example.com","2025-05-09","Kolkata","India"
"CUST-1035","Ishaan Patel","customer.1035@example.com","2023-05-03","Surat","India"
"CUST-1036","Aarav Singh","customer.1036@example.com","2022-10-15","Jaipur","India"
"CUST-1037","Sitara Shah","customer.1037@example.com","2022-01-18","Jaipur","India"
"CUST-1038","Riya Gupta","customer.1038@example.com","2023-06-18","Mumbai","India"
"CUST-1039","Kiara Kumar","customer.1039@example.com","2023-04-19","Jaipur","India"
"CUST-1040","Aditya Sharma","customer.1040@example.com","2024-05-31","Kolkata","India"
"CUST-1041","Saanvi Kumar","customer.1041@example.com","2025-10-02","Chennai","India"
"CUST-1042","Ayaan Sharma","customer.1042@example.com","2024-03-16","Mumbai","India"
"CUST-1043","Krishna Jain","customer.1043@example.com","2025-09-06","Jaipur","India"
"CUST-1044","Ayaan Sharma","customer.1044@example.com","2025-03-07","Chennai","India"
"CUST-1045","Kiara Shah","customer.1045@example.com","2025-03-01","Pune","India"
"CUST-1046","Ayaan Kumar","customer.1046@example.com","2024-09-19","Hyderabad","India"
"CUST-1047","Reyansh Shah","customer.1047@example.com","2022-06-07","Jaipur","India"
"CUST-1048","Vihaan Sharma","customer.1048@example.com","2022-03-17","Chennai","India"
"CUST-1049","Ayaan Patel","customer.1049@example.com","2025-03-23","Mumbai","India"
"CUST-1050","Aadya Reddy","customer.1050@example.com","2025-05-20","Pune","India"
"CUST-1051","Ishaan Shah","customer.1051@example.com","2024-09-26","Bangalore","India"
"CUST-1052","Ayaan Patel","customer.1052@example.com","2022-08-10","Kolkata","India"
"CUST-1053","Aadya Gupta","customer.1053@example.com","2022-12-05","Pune","India"
"CUST-1054","Riya Verma","customer.1054@example.com","2025-12-22","Delhi","India"
"CUST-1055","Krishna Jain","customer.1055@example.com","2024-02-08","Bangalore","India"
"CUST-1056","Reyansh Shah","customer.1056@example.com","2025-05-13","Jaipur","India"
"CUST-1057","Krishna Kumar","customer.1057@example.com","2023-04-10","Pune","India"
"CUST-1058","Reyansh Shah","customer.1058@example.com","2022-10-06","Delhi","India"
"CUST-1059","Aadya Sharma","customer.1059@example.com","2024-11-03","Surat","India"
"CUST-1060","Kiara Mehta","customer.1060@example.com","2023-09-01","Jaipur","India"
"CUST-1061","Kiara Kumar","customer.1061@example.com","2023-10-06","Mumbai","India"
"CUST-1062","Aditya Shah","customer.1062@example.com","2025-05-28","Pune","India"
"CUST-1063","Reyansh Singh","customer.1063@example.com","2025-01-10","Kolkata","India"
"CUST-1064","Aarav Reddy","customer.1064@example.com","2024-04-07","Bangalore","India"
"CUST-1065","Vivaan Singh","customer.1065@example.com","2023-01-21","Pune","India"
"CUST-1066","Aarav Patel","customer.1066@example.com","2022-01-28","Jaipur","India"
"CUST-1067","Vivaan Singh","customer.1067@example.com","2025-10-24","Kolkata","India"
"CUST-1068","Krishna Singh","customer.1068@example.com","2022-03-18","Chennai","India"
"CUST-1069","Pari Jain","customer.1069@example.com","2023-03-30","Kolkata","India"
"CUST-1070","Pari Mehta","customer.1070@example.com","2022-06-09","Hyderabad","India"
"CUST-1071","Reyansh Gupta","customer.1071@example.com","2022-12-28","Bangalore","India"
"CUST-1072","Pari Sharma","customer.1072@example.com","2025-06-19","Chennai","India"
"CUST-1073","Ishaan Kumar","customer.1073@example.com","2022-05-16","Ahmedabad","India"
"CUST-1074","Aditya Jain","customer.1074@example.com","2023-07-29","Bangalore","India"
"CUST-1075","Vihaan Reddy","customer.1075@example.com","2025-03-03","Pune","India"
"CUST-1076","Ananya Reddy","customer.1076@example.com","2024-01-26","Kolkata","India"
"CUST-1077","Saanvi Shah","customer.1077@example.com","2025-03-25","Chennai","India"
"CUST-1078","Diya Jain","customer.1078@example.com","2025-02-27","Surat","India"
"CUST-1079","Vihaan Gupta","customer.1079@example.com","2024-08-15","Mumbai","India"
"CUST-1080","Diya Kumar","customer.1080@example.com","2023-03-03","Jaipur","India"
"CUST-1081","Ishaan Verma","customer.1081@example.com","2025-11-14","Delhi","India"
"CUST-1082","Vivaan Sharma","customer.1082@example.com","2022-12-04","Kolkata","India"
"CUST-1083","Vihaan Verma","customer.1083@example.com","2023-02-22","Pune","India"
"CUST-1084","Diya Shah","customer.1084@example.com","2024-08-12","Kolkata","India"
"CUST-1085","Ayaan Singh","customer.1085@example.com","2022-05-16","Chennai","India"
"CUST-1086","Pari Sharma","customer.1086@example.com","2024-12-05","Kolkata","India"
"CUST-1087","Pari Verma","customer.1087@example.com","2024-06-24","Surat","India"
"CUST-1088","Ananya Sharma","customer.1088@example.com","2023-04-25","Mumbai","India"
"CUST-1089","Riya Verma","customer.1089@example.com","2025-03-26","Kolkata","India"
"CUST-1090","Aditya Singh","customer.1090@example.com","2023-02-03","Surat","India"
"CUST-1091","Vihaan Jain","customer.1091@example.com","2024-10-25","Mumbai","India"
"CUST-1092","Aarav Jain","customer.1092@example.com","2025-09-12","Hyderabad","India"
"CUST-1093","Ananya Patel","customer.1093@example.com","2022-07-27","Jaipur","India"
"CUST-1094","Aarav Mehta","customer.1094@example.com","2024-05-07","Pune","India"
"CUST-1095","Vivaan Shah","customer.1095@example.com","2023-12-09","Mumbai","India"
"CUST-1096","Ananya Kumar","customer.1096@example.com","2024-11-02","Chennai","India"
"CUST-1097","Diya Mehta","customer.1097@example.com","2024-10-08","Ahmedabad","India"
"CUST-1098","Kiara Gupta","customer.1098@example.com","2024-10-05","Bangalore","India"
"CUST-1099","Aarav Kumar","customer.1099@example.com","2025-06-14","Hyderabad","India"
"CUST-1100","Riya Kumar","customer.1100@example.com","2025-02-07","Pune","India"
"CUST-1101","Diya Verma","customer.1101@example.com","2024-01-13","Jaipur","India"
"CUST-1102","Vivaan Shah","customer.1102@example.com","2025-05-01","Ahmedabad","India"
"CUST-1103","Ishaan Singh","customer.1103@example.com","2023-06-21","Hyderabad","India"
"CUST-1104","Ayaan Patel","customer.1104@example.com","2023-05-14","Bangalore","India"
"CUST-1105","Vihaan Sharma","customer.1105@example.com","2024-06-22","Bangalore","India"
"CUST-1106","Aadya Patel","customer.1106@example.com","2024-10-13","Pune","India"
"CUST-1107","Sai Verma","customer.1107@example.com","2024-02-22","Bangalore","India"
"CUST-1108","Ishaan Patel","customer.1108@example.com","2025-03-14","Surat","India"
"CUST-1109","Ishaan Mehta","customer.1109@example.com","2022-12-30","Delhi","India"
"CUST-1110","Aditya Reddy","customer.1110@example.com","2025-07-01","Delhi","India"
"CUST-1111","Reyansh Verma","customer.1111@example.com","2025-03-04","Delhi","India"
"CUST-1112","Vihaan Jain","customer.1112@example.com","2022-07-22","Hyderabad","India"
"CUST-1113","Saanvi Reddy","customer.1113@example.com","2024-02-14","Hyderabad","India"
"CUST-1114","Aadya Patel","customer.1114@example.com","2022-02-02","Surat","India"
"CUST-1115","Diya Kumar","customer.1115@example.com","2025-06-09","Bangalore","India"
"CUST-1116","Sitara Reddy","customer.1116@example.com","2022-08-23","Hyderabad","India"
"CUST-1117","Arjun Sharma","customer.1117@example.com","2022-06-14","Delhi","India"
"CUST-1118","Diya Kumar","customer.1118@example.com","2022-06-11","Surat","India"
"CUST-1119","Vihaan Singh","customer.1119@example.com","2024-01-01","Ahmedabad","India"
"CUST-1120","Riya Jain","customer.1120@example.com","2023-07-09","Jaipur","India"
"CUST-1121","Diya Singh","customer.1121@example.com","2025-11-24","Ahmedabad","India"
"CUST-1122","Aditya Kumar","customer.1122@example.com","2022-07-09","Kolkata","India"
"CUST-1123","Sai Kumar","customer.1123@example.com","2022-11-28","Pune","India"
"CUST-1124","Ananya Gupta","customer.1124@example.com","2023-04-11","Delhi","India"
"CUST-1125","Krishna Gupta","customer.1125@example.com","2025-09-27","Jaipur","India"
"CUST-1126","Sai Gupta","customer.1126@example.com","2022-08-10","Delhi","India"
"CUST-1127","Vihaan Reddy","customer.1127@example.com","2025-03-18","Ahmedabad","India"
"CUST-1128","Ishaan Jain","customer.1128@example.com","2025-11-20","Mumbai","India"
"CUST-1129","Reyansh Sharma","customer.1129@example.com","2023-12-30","Delhi","India"
"CUST-1130","Pari Singh","customer.1130@example.com","2024-02-27","Hyderabad","India"
"CUST-1131","Ishaan Kumar","customer.1131@example.com","2024-10-04","Pune","India"
"CUST-1132","Reyansh Patel","customer.1132@example.com","2023-01-21","Surat","India"
"CUST-1133","Aadya Verma","customer.1133@example.com","2025-01-12","Hyderabad","India"
"CUST-1134","Vihaan Patel","customer.1134@example.com","2024-12-03","Surat","India"
"CUST-1135","Krishna Patel","customer.1135@example.com","2023-02-23","Jaipur","India"
"CUST-1136","Arjun Verma","customer.1136@example.com","2024-07-18","Kolkata","India"
"CUST-1137","Pari Singh","customer.1137@example.com","2024-11-15","Pune","India"
"CUST-1138","Aarav Reddy","customer.1138@example.com","2025-11-06","Chennai","India"
"CUST-1139","Diya Singh","customer.1139@example.com","2024-09-03","Chennai","India"
"CUST-1140","Saanvi Sharma","customer.1140@example.com","2024-03-10","Bangalore","India"
"CUST-1141","Reyansh Jain","customer.1141@example.com","2024-05-25","Jaipur","India"
"CUST-1142","Sitara Mehta","customer.1142@example.com","2022-05-24","Chennai","India"
"CUST-1143","Aarav Verma","customer.1143@example.com","2023-07-14","Kolkata","India"
"CUST-1144","Kiara Jain","customer.1144@example.com","2025-07-21","Surat","India"
"CUST-1145","Vivaan Verma","customer.1145@example.com","2023-02-02","Surat","India"
"CUST-1146","Ishaan Sharma","customer.1146@example.com","2022-01-02","Pune","India"
"CUST-1147","Krishna Sharma","customer.1147@example.com","2025-06-15","Chennai","India"
"CUST-1148","Riya Mehta","customer.1148@example.com","2023-07-30","Bangalore","India"
"CUST-1149","Ishaan Kumar","customer.1149@example.com","2025-04-10","Surat","India"
"CUST-1150","Ishaan Jain","customer.1150@example.com","2023-04-24","Delhi","India"
"CUST-1151","Sai Gupta","customer.1151@example.com","2022-09-10","Bangalore","India"
"CUST-1152","Krishna Gupta","customer.1152@example.com","2024-07-30","Mumbai","India"
"CUST-1153","Sai Kumar","customer.1153@example.com","2024-07-08","Ahmedabad","India"
"CUST-1154","Saanvi Verma","customer.1154@example.com","2022-08-30","Pune","India"
"CUST-1155","Ananya Mehta","customer.1155@example.com","2025-09-08","Chennai","India"
"CUST-1156","Arjun Reddy","customer.1156@example.com","2024-06-30","Pune","India"
"CUST-1157","Saanvi Reddy","customer.1157@example.com","2025-08-01","Kolkata","India"
"CUST-1158","Ananya Kumar","customer.1158@example.com","2022-08-23","Ahmedabad","India"
"CUST-1159","Aarav Singh","customer.1159@example.com","2024-12-09","Chennai","India"
"CUST-1160","Ayaan Verma","customer.1160@example.com","2025-12-17","Bangalore","India"
"CUST-1161","Saanvi Gupta","customer.1161@example.com","2022-08-30","Kolkata","India"
"CUST-1162","Arjun Shah","customer.1162@example.com","2023-08-13","Pune","India"
"CUST-1163","Pari Jain","customer.1163@example.com","2023-10-04","Hyderabad","India"
"CUST-1164","Ishaan Verma","customer.1164@example.com","2025-08-16","Ahmedabad","India"
"CUST-1165","Vihaan Mehta","customer.1165@example.com","2024-11-04","Delhi","India"
"CUST-1166","Sai Jain","customer.1166@example.com","2023-01-26","Chennai","India"
"CUST-1167","Pari Singh","customer.1167@example.com","2024-08-27","Bangalore","India"
"CUST-1168","Pari Kumar","customer.1168@example.com","2025-07-31","Mumbai","India"
"CUST-1169","Aditya Gupta","customer.1169@example.com","2023-06-07","Mumbai","India"
"CUST-1170","Aarav Kumar","customer.1170@example.com","2023-03-15","Chennai","India"
"CUST-1171","Krishna Mehta","customer.1171@example.com","2022-08-05","Pune","India"
"CUST-1172","Aditya Gupta","customer.1172@example.com","2025-09-10","Chennai","India"
"CUST-1173","Vihaan Kumar","customer.1173@example.com","2025-10-26","Chennai","India"
"CUST-1174","Arjun Kumar","customer.1174@example.com","2024-10-14","Ahmedabad","India"
"CUST-1175","Saanvi Patel","customer.1175@example.com","2023-10-10","Mumbai","India"
"CUST-1176","Kiara Sharma","customer.1176@example.com","2022-05-16","Pune","India"
"CUST-1177","Vivaan Mehta","customer.1177@example.com","2022-02-20","Mumbai","India"
"CUST-1178","Pari Shah","customer.1178@example.com","2023-08-21","Mumbai","India"
"CUST-1179","Ananya Reddy","customer.1179@example.com","2024-01-26","Delhi","India"
"CUST-1180","Krishna Jain","customer.1180@example.com","2025-05-08","Ahmedabad","India"
"CUST-1181","Aarav Shah","customer.1181@example.com","2022-11-30","Bangalore","India"
"CUST-1182","Sai Gupta","customer.1182@example.com","2025-01-09","Chennai","India"
"CUST-1183","Saanvi Gupta","customer.1183@example.com","2023-09-07","Hyderabad","India"
"CUST-1184","Kiara Reddy","customer.1184@example.com","2022-12-08","Mumbai","India"
"CUST-1185","Krishna Verma","customer.1185@example.com","2025-08-04","Delhi","India"
"CUST-1186","Sitara Kumar","customer.1186@example.com","2022-02-22","Bangalore","India"
"CUST-1187","Aditya Jain","customer.1187@example.com","2025-03-05","Ahmedabad","India"
"CUST-1188","Vihaan Gupta","customer.1188@example.com","2023-05-29","Ahmedabad","India"
"CUST-1189","Ayaan Sharma","customer.1189@example.com","2023-10-05","Kolkata","India"
"CUST-1190","Vihaan Gupta","customer.1190@example.com","2022-07-20","Mumbai","India"
"CUST-1191","Aarav Kumar","customer.1191@example.com","2022-08-08","Mumbai","India"
"CUST-1192","Riya Reddy","customer.1192@example.com","2023-01-15","Jaipur","India"
"CUST-1193","Vivaan Sharma","customer.1193@example.com","2023-07-03","Mumbai","India"
"CUST-1194","Sai Singh","customer.1194@example.com","2022-01-26","Pune","India"
"CUST-1195","Ayaan Sharma","customer.1195@example.com","2025-03-12","Kolkata","India"
"CUST-1196","Arjun Sharma","customer.1196@example.com","2024-09-20","Surat","India"
"CUST-1197","Diya Jain","customer.1197@example.com","2025-10-16","Bangalore","India"
"CUST-1198","Ananya Patel","customer.1198@example.com","2022-06-14","Ahmedabad","India"
"CUST-1199","Pari Patel","customer.1199@example.com","2024-01-23","Hyderabad","India"
"CUST-1200","Arjun Shah","customer.1200@example.com","2023-02-07","Pune","India"
"CUST-1201","Saanvi Reddy","customer.1201@example.com","2022-12-09","Chennai","India"
"CUST-1202","Aditya Reddy","customer.1202@example.com","2022-09-09","Kolkata","India"
"CUST-1203","Pari Sharma","customer.1203@example.com","2023-01-05","Hyderabad","India"
"CUST-1204","Kiara Shah","customer.1204@example.com","2024-07-28","Pune","India"
"CUST-1205","Vihaan Patel","customer.1205@example.com","2024-05-09","Jaipur","India"
"CUST-1206","Reyansh Kumar","customer.1206@example.com","2025-02-25","Chennai","India"
"CUST-1207","Aarav Verma","customer.1207@example.com","2022-09-29","Mumbai","India"
"CUST-1208","Ishaan Mehta","customer.1208@example.com","2024-08-15","Jaipur","India"
"CUST-1209","Diya Reddy","customer.1209@example.com","2024-10-16","Kolkata","India"
"CUST-1210","Sai Kumar","customer.1210@example.com","2023-07-20","Chennai","India"
"CUST-1211","Kiara Shah","customer.1211@example.com","2023-01-23","Jaipur","India"
"CUST-1212","Saanvi Shah","customer.1212@example.com","2023-05-04","Hyderabad","India"
"CUST-1213","Saanvi Shah","customer.1213@example.com","2022-07-28","Delhi","India"
"CUST-1214","Ishaan Shah","customer.1214@example.com","2022-03-11","Jaipur","India"
"CUST-1215","Diya Shah","customer.1215@example.com","2025-02-13","Chennai","India"
"CUST-1216","Riya Reddy","customer.1216@example.com","2024-07-01","Hyderabad","India"
"CUST-1217","Vivaan Patel","customer.1217@example.com","2024-11-14","Hyderabad","India"
"CUST-1218","Aarav Singh","customer.1218@example.com","2022-08-04","Mumbai","India"
"CUST-1219","Saanvi Reddy","customer.1219@example.com","2024-12-14","Pune","India"
"CUST-1220","Krishna Kumar","customer.1220@example.com","2025-10-05","Ahmedabad","India"
"CUST-1221","Kiara Patel","customer.1221@example.com","2022-05-28","Bangalore","India"
"CUST-1222","Krishna Kumar","customer.1222@example.com","2025-12-10","Delhi","India"
"CUST-1223","Saanvi Reddy","customer.1223@example.com","2024-08-17","Pune","India"
"CUST-1224","Riya Jain","customer.1224@example.com","2022-12-26","Chennai","India"
"CUST-1225","Reyansh Singh","customer.1225@example.com","2022-04-19","Ahmedabad","India"
"CUST-1226","Krishna Mehta","customer.1226@example.com","2022-10-31","Pune","India"
"CUST-1227","Vihaan Patel","customer.1227@example.com","2024-03-06","Delhi","India"
"CUST-1228","Saanvi Verma","customer.1228@example.com","2022-09-05","Jaipur","India"
"CUST-1229","Diya Verma","customer.1229@example.com","2022-06-19","Delhi","India"
"CUST-1230","Reyansh Reddy","customer.1230@example.com","2024-07-15","Delhi","India"
"CUST-1231","Reyansh Mehta","customer.1231@example.com","2025-07-15","Mumbai","India"
"CUST-1232","Ayaan Sharma","customer.1232@example.com","2025-08-30","Chennai","India"
"CUST-1233","Kiara Patel","customer.1233@example.com","2024-12-02","Ahmedabad","India"
"CUST-1234","Arjun Gupta","customer.1234@example.com","2025-04-06","Pune","India"
"CUST-1235","Aadya Mehta","customer.1235@example.com","2023-10-23","Mumbai","India"
"CUST-1236","Reyansh Sharma","customer.1236@example.com","2022-11-03","Pune","India"
"CUST-1237","Sai Gupta","customer.1237@example.com","2025-11-23","Delhi","India"
"CUST-1238","Sitara Kumar","customer.1238@example.com","2022-05-08","Jaipur","India"
"CUST-1239","Kiara Kumar","customer.1239@example.com","2022-08-11","Mumbai","India"
"CUST-1240","Sai Kumar","customer.1240@example.com","2024-05-26","Mumbai","India"
"CUST-1241","Arjun Patel","customer.1241@example.com","2022-02-01","Chennai","India"
"CUST-1242","Aarav Kumar","customer.1242@example.com","2023-11-06","Chennai","India"
"CUST-1243","Krishna Verma","customer.1243@example.com","2023-07-17","Bangalore","India"
"CUST-1244","Pari Singh","customer.1244@example.com","2023-01-28","Jaipur","India"
"CUST-1245","Riya Kumar","customer.1245@example.com","2022-04-03","Delhi","India"
"CUST-1246","Aarav Singh","customer.1246@example.com","2025-10-02","Pune","India"
"CUST-1247","Kiara Verma","customer.1247@example.com","2023-04-09","Bangalore","India"
"CUST-1248","Ananya Verma","customer.1248@example.com","2025-01-31","Pune","India"
"CUST-1249","Kiara Singh","customer.1249@example.com","2025-11-12","Hyderabad","India"
"CUST-1250","Riya Verma","customer.1250@example.com","2022-11-18","Delhi","India"
"CUST-1251","Ananya Reddy","customer.1251@example.com","2024-09-19","Surat","India"
"CUST-1252","Vivaan Singh","customer.1252@example.com","2022-03-21","Pune","India"
"CUST-1253","Diya Singh","customer.1253@example.com","2025-08-03","Ahmedabad","India"
"CUST-1254","Arjun Shah","customer.1254@example.com","2025-05-11","Bangalore","India"
"CUST-1255","Krishna Shah","customer.1255@example.com","2024-03-20","Jaipur","India"
"CUST-1256","Ananya Sharma","customer.1256@example.com","2024-05-08","Bangalore","India"
"CUST-1257","Ayaan Kumar","customer.1257@example.com","2025-08-08","Jaipur","India"
"CUST-1258","Riya Sharma","customer.1258@example.com","2025-03-11","Kolkata","India"
"CUST-1259","Ayaan Kumar","customer.1259@example.com","2022-03-12","Chennai","India"
"CUST-1260","Riya Mehta","customer.1260@example.com","2022-06-24","Hyderabad","India"
"CUST-1261","Ishaan Sharma","customer.1261@example.com","2022-08-06","Chennai","India"
"CUST-1262","Ayaan Reddy","customer.1262@example.com","2024-11-27","Kolkata","India"
"CUST-1263","Ishaan Sharma","customer.1263@example.com","2024-08-21","Mumbai","India"
"CUST-1264","Ayaan Shah","customer.1264@example.com","2025-07-12","Surat","India"
"CUST-1265","Ishaan Mehta","customer.1265@example.com","2023-01-25","Hyderabad","India"
"CUST-1266","Aadya Kumar","customer.1266@example.com","2022-04-07","Bangalore","India"
"CUST-1267","Ananya Patel","customer.1267@example.com","2024-07-21","Bangalore","India"
"CUST-1268","Krishna Reddy","customer.1268@example.com","2024-08-28","Bangalore","India"
"CUST-1269","Ananya Singh","customer.1269@example.com","2024-10-19","Bangalore","India"
"CUST-1270","Ayaan Sharma","customer.1270@example.com","2022-03-16","Hyderabad","India"
"CUST-1271","Sai Sharma","customer.1271@example.com","2025-08-21","Delhi","India"
"CUST-1272","Sai Mehta","customer.1272@example.com","2023-12-22","Surat","India"
"CUST-1273","Kiara Patel","customer.1273@example.com","2023-06-25","Pune","India"
"CUST-1274","Saanvi Shah","customer.1274@example.com","2022-01-23","Surat","India"
"CUST-1275","Krishna Gupta","customer.1275@example.com","2023-08-25","Kolkata","India"
"CUST-1276","Sai Patel","customer.1276@example.com","2023-09-11","Jaipur","India"
"CUST-1277","Ananya Reddy","customer.1277@example.com","2024-11-01","Ahmedabad","India"
"CUST-1278","Reyansh Gupta","customer.1278@example.com","2022-08-11","Kolkata","India"
"CUST-1279","Arjun Verma","customer.1279@example.com","2025-07-05","Jaipur","India"
"CUST-1280","Aarav Jain","customer.1280@example.com","2024-04-15","Delhi","India"
"CUST-1281","Ananya Mehta","customer.1281@example.com","2023-07-23","Mumbai","India"
"CUST-1282","Pari Mehta","customer.1282@example.com","2024-01-08","Mumbai","India"
"CUST-1283","Kiara Gupta","customer.1283@example.com","2023-01-21","Chennai","India"
"CUST-1284","Aarav Verma","customer.1284@example.com","2023-11-05","Pune","India"
"CUST-1285","Reyansh Patel","customer.1285@example.com","2023-06-30","Chennai","India"
"CUST-1286","Ananya Singh","customer.1286@example.com","2023-05-16","Delhi","India"
"CUST-1287","Ishaan Patel","customer.1287@example.com","2025-06-15","Hyderabad","India"
"CUST-1288","Diya Kumar","customer.1288@example.com","2022-12-18","Delhi","India"
"CUST-1289","Saanvi Kumar","customer.1289@example.com","2024-02-29","Kolkata","India"
"CUST-1290","Sitara Sharma","customer.1290@example.com","2024-02-23","Kolkata","India"
"CUST-1291","Ananya Mehta","customer.1291@example.com","2023-12-03","Chennai","India"
"CUST-1292","Riya Patel","customer.1292@example.com","2024-08-15","Kolkata","India"
"CUST-1293","Krishna Gupta","customer.1293@example.com","2023-11-16","Surat","India"
"CUST-1294","Vivaan Jain","customer.1294@example.com","2024-05-26","Hyderabad","India"
"CUST-1295","Ananya Gupta","customer.1295@example.com","2024-08-30","Kolkata","India"
"CUST-1296","Arjun Gupta","customer.1296@example.com","2024-06-03","Jaipur","India"
"CUST-1297","Pari Verma","customer.1297@example.com","2024-11-08","Surat","India"
"CUST-1298","Aarav Verma","customer.1298@example.com","2023-07-08","Ahmedabad","India"
"CUST-1299","Aarav Jain","customer.1299@example.com","2022-06-14","Hyderabad","India"
"CUST-1300","Sitara Mehta","customer.1300@example.com","2022-04-18","Delhi","India"
"CUST-1301","Reyansh Patel","customer.1301@example.com","2023-11-02","Kolkata","India"
"CUST-1302","Pari Kumar","customer.1302@example.com","2022-02-12","Chennai","India"
"CUST-1303","Krishna Shah","customer.1303@example.com","2023-11-14","Pune","India"
"CUST-1304","Vivaan Patel","customer.1304@example.com","2022-06-12","Pune","India"
"CUST-1305","Aditya Jain","customer.1305@example.com","2023-12-17","Jaipur","India"
"CUST-1306","Saanvi Mehta","customer.1306@example.com","2022-06-24","Kolkata","India"
"CUST-1307","Sitara Verma","customer.1307@example.com","2024-09-16","Surat","India"
"CUST-1308","Riya Gupta","customer.1308@example.com","2023-05-28","Kolkata","India"
"CUST-1309","Ayaan Shah","customer.1309@example.com","2023-09-18","Surat","India"
"CUST-1310","Kiara Gupta","customer.1310@example.com","2023-11-07","Bangalore","India"
"CUST-1311","Ishaan Jain","customer.1311@example.com","2022-06-22","Mumbai","India"
"CUST-1312","Riya Patel","customer.1312@example.com","2023-03-30","Mumbai","India"
"CUST-1313","Arjun Shah","customer.1313@example.com","2022-01-11","Pune","India"
"CUST-1314","Ayaan Reddy","customer.1314@example.com","2025-10-18","Ahmedabad","India"
"CUST-1315","Kiara Reddy","customer.1315@example.com","2025-07-22","Kolkata","India"
"CUST-1316","Krishna Reddy","customer.1316@example.com","2022-10-22","Delhi","India"
"CUST-1317","Kiara Gupta","customer.1317@example.com","2025-04-20","Delhi","India"
"CUST-1318","Krishna Mehta","customer.1318@example.com","2023-10-08","Jaipur","India"
"CUST-1319","Reyansh Gupta","customer.1319@example.com","2025-12-14","Jaipur","India"
"CUST-1320","Kiara Jain","customer.1320@example.com","2025-06-16","Hyderabad","India"
"CUST-1321","Ishaan Shah","customer.1321@example.com","2024-09-28","Surat","India"
"CUST-1322","Vihaan Singh","customer.1322@example.com","2023-11-11","Bangalore","India"
"CUST-1323","Vihaan Patel","customer.1323@example.com","2024-01-19","Hyderabad","India"
"CUST-1324","Aditya Kumar","customer.1324@example.com","2023-09-11","Delhi","India"
"CUST-1325","Ananya Mehta","customer.1325@example.com","2021-12-31","Hyderabad","India"
"CUST-1326","Diya Mehta","customer.1326@example.com","2024-10-01","Hyderabad","India"
"CUST-1327","Aarav Sharma","customer.1327@example.com","2023-02-26","Surat","India"
"CUST-1328","Arjun Gupta","customer.1328@example.com","2022-07-02","Jaipur","India"
"CUST-1329","Ayaan Verma","customer.1329@example.com","2025-09-17","Chennai","India"
"CUST-1330","Sitara Singh","customer.1330@example.com","2023-04-25","Chennai","India"
"CUST-1331","Ishaan Verma","customer.1331@example.com","2024-07-17","Kolkata","India"
"CUST-1332","Vihaan Jain","customer.1332@example.com","2022-06-22","Ahmedabad","India"
"CUST-1333","Sai Shah","customer.1333@example.com","2024-04-24","Delhi","India"
"CUST-1334","Sitara Sharma","customer.1334@example.com","2022-06-30","Jaipur","India"
"CUST-1335","Pari Shah","customer.1335@example.com","2024-02-15","Jaipur","India"
"CUST-1336","Vivaan Jain","customer.1336@example.com","2022-01-04","Jaipur","India"
"CUST-1337","Vihaan Reddy","customer.1337@example.com","2023-11-01","Kolkata","India"
"CUST-1338","Vihaan Gupta","customer.1338@example.com","2022-01-14","Pune","India"
"CUST-1339","Diya Patel","customer.1339@example.com","2024-04-11","Bangalore","India"
"CUST-1340","Pari Reddy","customer.1340@example.com","2024-01-24","Chennai","India"
"CUST-1341","Aarav Jain","customer.1341@example.com","2025-06-18","Pune","India"
"CUST-1342","Pari Shah","customer.1342@example.com","2025-06-28","Surat","India"
"CUST-1343","Aarav Patel","customer.1343@example.com","2022-12-18","Chennai","India"
"CUST-1344","Saanvi Sharma","customer.1344@example.com","2025-09-21","Mumbai","India"
"CUST-1345","Vihaan Jain","customer.1345@example.com","2024-04-30","Pune","India"
"CUST-1346","Reyansh Jain","customer.1346@example.com","2024-11-23","Surat","India"
"CUST-1347","Saanvi Reddy","customer.1347@example.com","2023-11-06","Jaipur","India"
"CUST-1348","Vihaan Sharma","customer.1348@example.com","2025-11-26","Mumbai","India"
"CUST-1349","Vihaan Verma","customer.1349@example.com","2022-10-23","Hyderabad","India"
"CUST-1350","Saanvi Gupta","customer.1350@example.com","2025-06-30","Jaipur","India"
"CUST-1351","Ananya Reddy","customer.1351@example.com","2023-12-09","Bangalore","India"
"CUST-1352","Vivaan Verma","customer.1352@example.com","2023-04-03","Hyderabad","India"
"CUST-1353","Saanvi Gupta","customer.1353@example.com","2022-09-26","Chennai","India"
"CUST-1354","Sai Gupta","customer.1354@example.com","2024-05-07","Delhi","India"
"CUST-1355","Riya Patel","customer.1355@example.com","2022-06-26","Jaipur","India"
"CUST-1356","Aadya Verma","customer.1356@example.com","2025-07-15","Jaipur","India"
"CUST-1357","Arjun Patel","customer.1357@example.com","2024-01-25","Hyderabad","India"
"CUST-1358","Ishaan Mehta","customer.1358@example.com","2025-07-20","Ahmedabad","India"
"CUST-1359","Riya Jain","customer.1359@example.com","2022-07-02","Chennai","India"
"CUST-1360","Ananya Shah","customer.1360@example.com","2025-02-13","Pune","India"
"CUST-1361","Saanvi Gupta","customer.1361@example.com","2023-04-20","Kolkata","India"
"CUST-1362","Arjun Mehta","customer.1362@example.com","2023-03-04","Hyderabad","India"
"CUST-1363","Aadya Mehta","customer.1363@example.com","2024-08-29","Jaipur","India"
"CUST-1364","Pari Singh","customer.1364@example.com","2024-02-24","Surat","India"
"CUST-1365","Vihaan Jain","customer.1365@example.com","2025-09-29","Pune","India"
"CUST-1366","Ishaan Verma","customer.1366@example.com","2022-06-26","Delhi","India"
"CUST-1367","Aarav Sharma","customer.1367@example.com","2025-10-10","Mumbai","India"
"CUST-1368","Aditya Mehta","customer.1368@example.com","2023-07-13","Ahmedabad","India"
"CUST-1369","Aditya Mehta","customer.1369@example.com","2023-01-29","Surat","India"
"CUST-1370","Aadya Jain","customer.1370@example.com","2025-11-19","Chennai","India"
"CUST-1371","Diya Gupta","customer.1371@example.com","2024-03-28","Kolkata","India"
"CUST-1372","Ayaan Sharma","customer.1372@example.com","2024-07-07","Delhi","India"
"CUST-1373","Saanvi Kumar","customer.1373@example.com","2023-03-12","Jaipur","India"
"CUST-1374","Vivaan Patel","customer.1374@example.com","2022-05-11","Bangalore","India"
"CUST-1375","Vivaan Verma","customer.1375@example.com","2022-04-23","Chennai","India"
"CUST-1376","Ayaan Mehta","customer.1376@example.com","2023-07-01","Bangalore","India"
"CUST-1377","Aarav Patel","customer.1377@example.com","2023-11-28","Delhi","India"
"CUST-1378","Kiara Verma","customer.1378@example.com","2024-09-04","Mumbai","India"
"CUST-1379","Aarav Mehta","customer.1379@example.com","2022-08-05","Ahmedabad","India"
"CUST-1380","Kiara Singh","customer.1380@example.com","2025-11-26","Surat","India"
"CUST-1381","Pari Shah","customer.1381@example.com","2025-07-05","Jaipur","India"
"CUST-1382","Diya Patel","customer.1382@example.com","2025-04-14","Bangalore","India"
"CUST-1383","Krishna Kumar","customer.1383@example.com","2024-01-19","Mumbai","India"
"CUST-1384","Saanvi Gupta","customer.1384@example.com","2023-11-23","Bangalore","India"
"CUST-1385","Vihaan Sharma","customer.1385@example.com","2024-08-25","Kolkata","India"
"CUST-1386","Aadya Patel","customer.1386@example.com","2022-09-04","Chennai","India"
"CUST-1387","Riya Gupta","customer.1387@example.com","2022-08-19","Surat","India"
"CUST-1388","Riya Kumar","customer.1388@example.com","2023-07-10","Mumbai","India"
"CUST-1389","Sai Verma","customer.1389@example.com","2022-11-15","Chennai","India"
"CUST-1390","Aarav Kumar","customer.1390@example.com","2024-05-03","Kolkata","India"
"CUST-1391","Arjun Kumar","customer.1391@example.com","2025-05-29","Surat","India"
"CUST-1392","Arjun Mehta","customer.1392@example.com","2023-05-25","Bangalore","India"
"CUST-1393","Aarav Reddy","customer.1393@example.com","2024-07-09","Pune","India"
"CUST-1394","Krishna Kumar","customer.1394@example.com","2023-11-26","Hyderabad","India"
"CUST-1395","Krishna Shah","customer.1395@example.com","2024-06-12","Ahmedabad","India"
"CUST-1396","Sitara Mehta","customer.1396@example.com","2024-09-03","Bangalore","India"
"CUST-1397","Aarav Sharma","customer.1397@example.com","2022-10-27","Mumbai","India"
"CUST-1398","Krishna Shah","customer.1398@example.com","2022-01-04","Mumbai","India"
"CUST-1399","Reyansh Mehta","customer.1399@example.com","2022-02-21","Hyderabad","India"
"CUST-1400","Ananya Shah","customer.1400@example.com","2023-03-28","Delhi","India"
"CUST-1401","Vihaan Patel","customer.1401@example.com","2022-06-08","Hyderabad","India"
"CUST-1402","Ishaan Patel","customer.1402@example.com","2025-06-04","Chennai","India"
"CUST-1403","Ishaan Reddy","customer.1403@example.com","2023-04-29","Pune","India"
"CUST-1404","Sitara Sharma","customer.1404@example.com","2023-09-18","Pune","India"
"CUST-1405","Pari Patel","customer.1405@example.com","2022-03-01","Bangalore","India"
"CUST-1406","Reyansh Singh","customer.1406@example.com","2025-01-11","Surat","India"
"CUST-1407","Pari Singh","customer.1407@example.com","2025-01-31","Hyderabad","India"
"CUST-1408","Arjun Gupta","customer.1408@example.com","2025-02-20","Hyderabad","India"
"CUST-1409","Krishna Mehta","customer.1409@example.com","2024-01-12","Kolkata","India"
"CUST-1410","Ishaan Sharma","customer.1410@example.com","2025-04-09","Surat","India"
"CUST-1411","Ayaan Gupta","customer.1411@example.com","2025-04-04","Pune","India"
"CUST-1412","Aditya Kumar","customer.1412@example.com","2022-02-14","Hyderabad","India"
"CUST-1413","Reyansh Kumar","customer.1413@example.com","2022-11-01","Ahmedabad","India"
"CUST-1414","Vivaan Verma","customer.1414@example.com","2023-11-29","Kolkata","India"
"CUST-1415","Reyansh Patel","customer.1415@example.com","2023-11-19","Kolkata","India"
"CUST-1416","Ayaan Shah","customer.1416@example.com","2025-05-21","Hyderabad","India"
"CUST-1417","Ishaan Patel","customer.1417@example.com","2022-11-15","Bangalore","India"
"CUST-1418","Diya Sharma","customer.1418@example.com","2025-05-31","Pune","India"
"CUST-1419","Ishaan Patel","customer.1419@example.com","2024-11-14","Jaipur","India"
"CUST-1420","Pari Gupta","customer.1420@example.com","2022-01-18","Pune","India"
"CUST-1421","Aarav Kumar","customer.1421@example.com","2023-08-17","Pune","India"
"CUST-1422","Aadya Gupta","customer.1422@example.com","2022-02-20","Kolkata","India"
"CUST-1423","Aarav Reddy","customer.1423@example.com","2023-05-03","Surat","India"
"CUST-1424","Ishaan Verma","customer.1424@example.com","2024-12-18","Ahmedabad","India"
"CUST-1425","Aadya Reddy","customer.1425@example.com","2023-01-16","Ahmedabad","India"
"CUST-1426","Riya Mehta","customer.1426@example.com","2023-01-22","Chennai","India"
"CUST-1427","Sitara Gupta","customer.1427@example.com","2022-06-15","Ahmedabad","India"
"CUST-1428","Sai Shah","customer.1428@example.com","2025-11-03","Surat","India"
"CUST-1429","Saanvi Mehta","customer.1429@example.com","2022-01-22","Surat","India"
"CUST-1430","Sitara Jain","customer.1430@example.com","2022-11-29","Pune","India"
"CUST-1431","Ayaan Kumar","customer.1431@example.com","2022-03-15","Surat","India"
"CUST-1432","Sai Reddy","customer.1432@example.com","2025-07-21","Mumbai","India"
"CUST-1433","Saanvi Shah","customer.1433@example.com","2022-06-20","Delhi","India"
"CUST-1434","Diya Verma","customer.1434@example.com","2025-05-12","Ahmedabad","India"
"CUST-1435","Aditya Reddy","customer.1435@example.com","2022-03-03","Hyderabad","India"
"CUST-1436","Vivaan Patel","customer.1436@example.com","2025-09-18","Hyderabad","India"
"CUST-1437","Aditya Gupta","customer.1437@example.com","2024-03-17","Bangalore","India"
"CUST-1438","Sai Sharma","customer.1438@example.com","2025-10-31","Pune","India"
"CUST-1439","Pari Patel","customer.1439@example.com","2024-04-04","Mumbai","India"
"CUST-1440","Vivaan Patel","customer.1440@example.com","2022-08-22","Kolkata","India"
"CUST-1441","Aditya Gupta","customer.1441@example.com","2022-01-09","Mumbai","India"
"CUST-1442","Reyansh Singh","customer.1442@example.com","2023-07-26","Hyderabad","India"
"CUST-1443","Sitara Reddy","customer.1443@example.com","2024-01-14","Ahmedabad","India"
"CUST-1444","Ananya Singh","customer.1444@example.com","2022-01-09","Mumbai","India"
"CUST-1445","Krishna Singh","customer.1445@example.com","2024-09-17","Jaipur","India"
"CUST-1446","Pari Sharma","customer.1446@example.com","2022-09-08","Ahmedabad","India"
"CUST-1447","Ishaan Patel","customer.1447@example.com","2023-02-01","Mumbai","India"
"CUST-1448","Ayaan Mehta","customer.1448@example.com","2025-07-24","Chennai","India"
"CUST-1449","Aditya Mehta","customer.1449@example.com","2025-08-09","Kolkata","India"
"CUST-1450","Diya Verma","customer.1450@example.com","2025-06-16","Chennai","India"
"CUST-1451","Saanvi Singh","customer.1451@example.com","2025-03-01","Surat","India"
"CUST-1452","Vivaan Reddy","customer.1452@example.com","2022-03-28","Delhi","India"
"CUST-1453","Aadya Shah","customer.1453@example.com","2025-11-29","Ahmedabad","India"
"CUST-1454","Aadya Singh","customer.1454@example.com","2022-01-18","Chennai","India"
"CUST-1455","Kiara Shah","customer.1455@example.com","2022-12-14","Hyderabad","India"
"CUST-1456","Diya Verma","customer.1456@example.com","2025-10-22","Hyderabad","India"
"CUST-1457","Arjun Sharma","customer.1457@example.com","2025-12-10","Surat","India"
"CUST-1458","Riya Patel","customer.1458@example.com","2025-11-04","Mumbai","India"
"CUST-1459","Ayaan Kumar","customer.1459@example.com","2025-07-21","Mumbai","India"
"CUST-1460","Aarav Jain","customer.1460@example.com","2022-04-21","Surat","India"
"CUST-1461","Saanvi Verma","customer.1461@example.com","2025-06-21","Ahmedabad","India"
"CUST-1462","Ishaan Patel","customer.1462@example.com","2023-06-10","Mumbai","India"
"CUST-1463","Aditya Sharma","customer.1463@example.com","2022-06-13","Delhi","India"
"CUST-1464","Saanvi Kumar","customer.1464@example.com","2025-10-27","Pune","India"
"CUST-1465","Reyansh Mehta","customer.1465@example.com","2023-06-27","Ahmedabad","India"
"CUST-1466","Ayaan Shah","customer.1466@example.com","2025-04-14","Jaipur","India"
"CUST-1467","Riya Sharma","customer.1467@example.com","2022-05-21","Hyderabad","India"
"CUST-1468","Kiara Jain","customer.1468@example.com","2022-11-27","Ahmedabad","India"
"CUST-1469","Vihaan Singh","customer.1469@example.com","2025-10-01","Ahmedabad","India"
"CUST-1470","Aarav Patel","customer.1470@example.com","2023-11-10","Mumbai","India"
"CUST-1471","Vihaan Mehta","customer.1471@example.com","2023-12-13","Surat","India"
"CUST-1472","Sitara Kumar","customer.1472@example.com","2023-11-13","Kolkata","India"
"CUST-1473","Pari Mehta","customer.1473@example.com","2023-05-14","Hyderabad","India"
"CUST-1474","Aarav Mehta","customer.1474@example.com","2023-02-17","Jaipur","India"
"CUST-1475","Reyansh Patel","customer.1475@example.com","2024-01-29","Ahmedabad","India"
"CUST-1476","Kiara Patel","customer.1476@example.com","2023-02-11","Hyderabad","India"
"CUST-1477","Ayaan Singh","customer.1477@example.com","2022-09-29","Chennai","India"
"CUST-1478","Arjun Verma","customer.1478@example.com","2024-09-28","Hyderabad","India"
"CUST-1479","Ananya Kumar","customer.1479@example.com","2022-10-01","Hyderabad","India"
"CUST-1480","Aadya Shah","customer.1480@example.com","2022-03-30","Jaipur","India"
"CUST-1481","Arjun Kumar","customer.1481@example.com","2025-12-06","Bangalore","India"
"CUST-1482","Kiara Reddy","customer.1482@example.com","2022-10-26","Jaipur","India"
"CUST-1483","Reyansh Verma","customer.1483@example.com","2023-10-16","Mumbai","India"
"CUST-1484","Riya Patel","customer.1484@example.com","2024-01-27","Surat","India"
"CUST-1485","Ananya Sharma","customer.1485@example.com","2022-01-14","Surat","India"
"CUST-1486","Ayaan Mehta","customer.1486@example.com","2022-12-11","Delhi","India"
"CUST-1487","Arjun Reddy","customer.1487@example.com","2025-01-15","Delhi","India"
"CUST-1488","Saanvi Singh","customer.1488@example.com","2025-10-14","Mumbai","India"
"CUST-1489","Ananya Gupta","customer.1489@example.com","2024-11-27","Delhi","India"
"CUST-1490","Aarav Jain","customer.1490@example.com","2022-04-06","Kolkata","India"
"CUST-1491","Diya Sharma","customer.1491@example.com","2025-12-18","Pune","India"
"CUST-1492","Krishna Reddy","customer.1492@example.com","2022-08-20","Ahmedabad","India"
"CUST-1493","Aadya Sharma","customer.1493@example.com","2025-07-27","Surat","India"
"CUST-1494","Sai Shah","customer.1494@example.com","2023-04-01","Surat","India"
"CUST-1495","Ayaan Verma","customer.1495@example.com","2025-09-01","Delhi","India"
"CUST-1496","Sai Jain","customer.1496@example.com","2022-11-18","Pune","India"
"CUST-1497","Vihaan Sharma","customer.1497@example.com","2023-12-15","Kolkata","India"
"CUST-1498","Sai Gupta","customer.1498@example.com","2022-08-14","Pune","India"
"CUST-1499","Arjun Mehta","customer.1499@example.com","2024-01-08","Ahmedabad","India"
"CUST-1500","Ayaan Verma","customer.1500@example.com","2023-11-15","Jaipur","India"
"CUST-1501","Pari Verma","customer.1501@example.com","2025-04-04","Bangalore","India"
"CUST-1502","Pari Verma","customer.1502@example.com","2024-11-09","Mumbai","India"
"CUST-1503","Ananya Shah","customer.1503@example.com","2025-02-16","Chennai","India"
"CUST-1504","Sitara Singh","customer.1504@example.com","2022-03-02","Bangalore","India"
"CUST-1505","Ananya Jain","customer.1505@example.com","2024-03-03","Chennai","India"
"CUST-1506","Sai Patel","customer.1506@example.com","2023-05-07","Chennai","India"
"CUST-1507","Krishna Mehta","customer.1507@example.com","2024-05-17","Surat","India"
"CUST-1508","Pari Singh","customer.1508@example.com","2023-04-07","Delhi","India"
"CUST-1509","Aadya Sharma","customer.1509@example.com","2025-01-25","Kolkata","India"
"CUST-1510","Aditya Mehta","customer.1510@example.com","2025-09-04","Hyderabad","India"
"CUST-1511","Riya Jain","customer.1511@example.com","2023-02-12","Jaipur","India"
"CUST-1512","Sitara Shah","customer.1512@example.com","2022-09-22","Bangalore","India"
"CUST-1513","Aarav Singh","customer.1513@example.com","2023-04-03","Jaipur","India"
"CUST-1514","Reyansh Mehta","customer.1514@example.com","2024-05-10","Kolkata","India"
"CUST-1515","Arjun Sharma","customer.1515@example.com","2025-11-30","Delhi","India"
"CUST-1516","Arjun Mehta","customer.1516@example.com","2022-01-07","Surat","India"
"CUST-1517","Krishna Patel","customer.1517@example.com","2022-02-25","Jaipur","India"
"CUST-1518","Arjun Patel","customer.1518@example.com","2022-12-19","Mumbai","India"
"CUST-1519","Sai Singh","customer.1519@example.com","2022-11-18","Mumbai","India"
"CUST-1520","Ananya Singh","customer.1520@example.com","2023-03-16","Mumbai","India"
"CUST-1521","Riya Gupta","customer.1521@example.com","2023-02-25","Delhi","India"
"CUST-1522","Vihaan Verma","customer.1522@example.com","2024-09-06","Chennai","India"
"CUST-1523","Krishna Mehta","customer.1523@example.com","2023-08-27","Ahmedabad","India"
"CUST-1524","Ananya Patel","customer.1524@example.com","2024-11-30","Ahmedabad","India"
"CUST-1525","Sai Sharma","customer.1525@example.com","2023-05-06","Jaipur","India"
"CUST-1526","Vihaan Gupta","customer.1526@example.com","2025-06-02","Chennai","India"
"CUST-1527","Ananya Shah","customer.1527@example.com","2024-02-09","Delhi","India"
"CUST-1528","Ananya Patel","customer.1528@example.com","2023-05-25","Kolkata","India"
"CUST-1529","Diya Gupta","customer.1529@example.com","2025-04-06","Chennai","India"
"CUST-1530","Krishna Reddy","customer.1530@example.com","2023-06-25","Pune","India"
"CUST-1531","Riya Shah","customer.1531@example.com","2022-11-19","Kolkata","India"
"CUST-1532","Arjun Reddy","customer.1532@example.com","2022-03-16","Hyderabad","India"
"CUST-1533","Diya Shah","customer.1533@example.com","2022-03-15","Hyderabad","India"
"CUST-1534","Arjun Gupta","customer.1534@example.com","2024-03-19","Chennai","India"
"CUST-1535","Aadya Patel","customer.1535@example.com","2022-10-12","Surat","India"
"CUST-1536","Aditya Shah","customer.1536@example.com","2023-07-12","Pune","India"
"CUST-1537","Diya Sharma","customer.1537@example.com","2025-11-03","Chennai","India"
"CUST-1538","Ayaan Sharma","customer.1538@example.com","2022-04-14","Jaipur","India"
"CUST-1539","Arjun Singh","customer.1539@example.com","2025-05-28","Bangalore","India"
"CUST-1540","Ishaan Jain","customer.1540@example.com","2025-03-24","Surat","India"
"CUST-1541","Arjun Verma","customer.1541@example.com","2022-06-04","Pune","India"
"CUST-1542","Sitara Reddy","customer.1542@example.com","2024-12-15","Jaipur","India"
"CUST-1543","Riya Gupta","customer.1543@example.com","2022-01-23","Ahmedabad","India"
"CUST-1544","Riya Patel","customer.1544@example.com","2024-12-22","Hyderabad","India"
"CUST-1545","Aadya Reddy","customer.1545@example.com","2023-02-04","Chennai","India"
"CUST-1546","Aarav Mehta","customer.1546@example.com","2023-01-22","Mumbai","India"
"CUST-1547","Aditya Singh","customer.1547@example.com","2024-09-05","Kolkata","India"
"CUST-1548","Krishna Sharma","customer.1548@example.com","2025-01-07","Ahmedabad","India"
"CUST-1549","Ishaan Shah","customer.1549@example.com","2022-07-29","Surat","India"
"CUST-1550","Reyansh Singh","customer.1550@example.com","2022-06-09","Kolkata","India"
"CUST-1551","Aadya Sharma","customer.1551@example.com","2023-11-10","Jaipur","India"
"CUST-1552","Ishaan Verma","customer.1552@example.com","2022-01-23","Kolkata","India"
"CUST-1553","Krishna Reddy","customer.1553@example.com","2024-08-10","Kolkata","India"
"CUST-1554","Ayaan Verma","customer.1554@example.com","2022-03-13","Chennai","India"
"CUST-1555","Sitara Sharma","customer.1555@example.com","2025-09-12","Mumbai","India"
"CUST-1556","Aarav Verma","customer.1556@example.com","2023-10-09","Ahmedabad","India"
"CUST-1557","Saanvi Jain","customer.1557@example.com","2024-04-29","Bangalore","India"
"CUST-1558","Ishaan Mehta","customer.1558@example.com","2023-11-14","Hyderabad","India"
"CUST-1559","Sitara Shah","customer.1559@example.com","2022-11-17","Jaipur","India"
"CUST-1560","Arjun Reddy","customer.1560@example.com","2023-12-06","Jaipur","India"
"CUST-1561","Arjun Reddy","customer.1561@example.com","2022-05-26","Mumbai","India"
"CUST-1562","Aarav Shah","customer.1562@example.com","2023-08-07","Delhi","India"
"CUST-1563","Ananya Verma","customer.1563@example.com","2024-06-12","Hyderabad","India"
"CUST-1564","Sitara Shah","customer.1564@example.com","2023-08-28","Bangalore","India"
"CUST-1565","Ayaan Verma","customer.1565@example.com","2023-09-17","Surat","India"
"CUST-1566","Vihaan Kumar","customer.1566@example.com","2023-08-17","Mumbai","India"
"CUST-1567","Vihaan Singh","customer.1567@example.com","2024-02-23","Delhi","India"
"CUST-1568","Aarav Verma","customer.1568@example.com","2022-07-31","Chennai","India"
"CUST-1569","Ishaan Shah","customer.1569@example.com","2023-06-05","Hyderabad","India"
"CUST-1570","Aarav Reddy","customer.1570@example.com","2024-03-11","Bangalore","India"
"CUST-1571","Aarav Reddy","customer.1571@example.com","2023-03-24","Ahmedabad","India"
"CUST-1572","Aditya Mehta","customer.1572@example.com","2024-09-03","Chennai","India"
"CUST-1573","Vivaan Kumar","customer.1573@example.com","2023-09-09","Jaipur","India"
"CUST-1574","Saanvi Singh","customer.1574@example.com","2025-09-14","Bangalore","India"
"CUST-1575","Aadya Patel","customer.1575@example.com","2025-07-30","Jaipur","India"
"CUST-1576","Riya Kumar","customer.1576@example.com","2025-02-01","Pune","India"
"CUST-1577","Diya Verma","customer.1577@example.com","2025-03-08","Mumbai","India"
"CUST-1578","Pari Sharma","customer.1578@example.com","2024-07-15","Mumbai","India"
"CUST-1579","Kiara Singh","customer.1579@example.com","2023-09-17","Bangalore","India"
"CUST-1580","Vivaan Gupta","customer.1580@example.com","2024-05-26","Hyderabad","India"
"CUST-1581","Vihaan Kumar","customer.1581@example.com","2024-08-27","Pune","India"
"CUST-1582","Diya Sharma","customer.1582@example.com","2023-11-08","Mumbai","India"
"CUST-1583","Riya Gupta","customer.1583@example.com","2022-01-13","Bangalore","India"
"CUST-1584","Kiara Shah","customer.1584@example.com","2023-06-25","Jaipur","India"
"CUST-1585","Aadya Gupta","customer.1585@example.com","2025-06-25","Chennai","India"
"CUST-1586","Aditya Reddy","customer.1586@example.com","2022-03-01","Pune","India"
"CUST-1587","Aarav Patel","customer.1587@example.com","2023-01-26","Kolkata","India"
"CUST-1588","Kiara Patel","customer.1588@example.com","2023-03-27","Mumbai","India"
"CUST-1589","Sai Mehta","customer.1589@example.com","2024-12-24","Hyderabad","India"
"CUST-1590","Arjun Gupta","customer.1590@example.com","2022-11-25","Bangalore","India"
"CUST-1591","Krishna Gupta","customer.1591@example.com","2022-07-13","Ahmedabad","India"
"CUST-1592","Ananya Jain","customer.1592@example.com","2023-05-11","Hyderabad","India"
"CUST-1593","Saanvi Patel","customer.1593@example.com","2022-10-25","Pune","India"
"CUST-1594","Arjun Singh","customer.1594@example.com","2025-01-28","Jaipur","India"
"CUST-1595","Aarav Jain","customer.1595@example.com","2022-02-13","Chennai","India"
"CUST-1596","Diya Singh","customer.1596@example.com","2025-09-02","Kolkata","India"
"CUST-1597","Kiara Verma","customer.1597@example.com","2023-06-23","Pune","India"
"CUST-1598","Kiara Kumar","customer.1598@example.com","2024-05-11","Kolkata","India"
"CUST-1599","Aditya Singh","customer.1599@example.com","2025-09-27","Chennai","India"
"CUST-1600","Ananya Shah","customer.1600@example.com","2024-11-10","Bangalore","India"
"CUST-1601","Sai Sharma","customer.1601@example.com","2025-08-12","Jaipur","India"
"CUST-1602","Arjun Sharma","customer.1602@example.com","2023-11-26","Chennai","India"
"CUST-1603","Reyansh Mehta","customer.1603@example.com","2023-09-22","Ahmedabad","India"
"CUST-1604","Ishaan Gupta","customer.1604@example.com","2022-02-11","Ahmedabad","India"
"CUST-1605","Vihaan Kumar","customer.1605@example.com","2025-03-14","Chennai","India"
"CUST-1606","Riya Kumar","customer.1606@example.com","2024-06-19","Bangalore","India"
"CUST-1607","Ishaan Jain","customer.1607@example.com","2023-05-04","Kolkata","India"
"CUST-1608","Ayaan Verma","customer.1608@example.com","2024-08-05","Mumbai","India"
"CUST-1609","Krishna Sharma","customer.1609@example.com","2023-09-03","Jaipur","India"
"CUST-1610","Kiara Shah","customer.1610@example.com","2022-12-07","Pune","India"
"CUST-1611","Riya Reddy","customer.1611@example.com","2022-04-14","Pune","India"
"CUST-1612","Aditya Gupta","customer.1612@example.com","2022-12-15","Bangalore","India"
"CUST-1613","Pari Reddy","customer.1613@example.com","2023-04-23","Bangalore","India"
"CUST-1614","Vihaan Jain","customer.1614@example.com","2025-03-06","Delhi","India"
"CUST-1615","Arjun Reddy","customer.1615@example.com","2024-09-26","Delhi","India"
"CUST-1616","Sitara Mehta","customer.1616@example.com","2023-03-10","Kolkata","India"
"CUST-1617","Krishna Sharma","customer.1617@example.com","2025-05-10","Mumbai","India"
"CUST-1618","Krishna Kumar","customer.1618@example.com","2023-01-20","Hyderabad","India"
"CUST-1619","Ananya Reddy","customer.1619@example.com","2022-06-26","Ahmedabad","India"
"CUST-1620","Vihaan Verma","customer.1620@example.com","2025-05-01","Chennai","India"
"CUST-1621","Reyansh Shah","customer.1621@example.com","2023-03-15","Kolkata","India"
"CUST-1622","Vihaan Verma","customer.1622@example.com","2024-09-19","Kolkata","India"
"CUST-1623","Aditya Singh","customer.1623@example.com","2022-05-14","Jaipur","India"
"CUST-1624","Sai Kumar","customer.1624@example.com","2022-11-09","Hyderabad","India"
"CUST-1625","Reyansh Reddy","customer.1625@example.com","2022-06-08","Chennai","India"
"CUST-1626","Vihaan Gupta","customer.1626@example.com","2025-07-25","Jaipur","India"
"CUST-1627","Reyansh Verma","customer.1627@example.com","2023-08-26","Hyderabad","India"
"CUST-1628","Aarav Shah","customer.1628@example.com","2022-10-19","Pune","India"
"CUST-1629","Arjun Reddy","customer.1629@example.com","2023-09-08","Bangalore","India"
"CUST-1630","Reyansh Verma","customer.1630@example.com","2023-09-24","Surat","India"
"CUST-1631","Krishna Jain","customer.1631@example.com","2025-06-11","Bangalore","India"
"CUST-1632","Aditya Mehta","customer.1632@example.com","2024-05-08","Bangalore","India"
"CUST-1633","Vivaan Verma","customer.1633@example.com","2023-03-20","Mumbai","India"
"CUST-1634","Pari Jain","customer.1634@example.com","2025-08-22","Surat","India"
"CUST-1635","Riya Kumar","customer.1635@example.com","2023-06-05","Delhi","India"
"CUST-1636","Aarav Verma","customer.1636@example.com","2022-08-24","Pune","India"
"CUST-1637","Saanvi Mehta","customer.1637@example.com","2022-08-17","Delhi","India"
"CUST-1638","Aditya Shah","customer.1638@example.com","2022-02-05","Pune","India"
"CUST-1639","Ayaan Sharma","customer.1639@example.com","2022-04-25","Kolkata","India"
"CUST-1640","Riya Kumar","customer.1640@example.com","2023-12-06","Delhi","India"
"CUST-1641","Saanvi Sharma","customer.1641@example.com","2022-11-11","Ahmedabad","India"
"CUST-1642","Saanvi Reddy","customer.1642@example.com","2022-04-02","Pune","India"
"CUST-1643","Aadya Gupta","customer.1643@example.com","2024-06-10","Bangalore","India"
"CUST-1644","Ayaan Shah","customer.1644@example.com","2022-05-04","Ahmedabad","India"
"CUST-1645","Riya Jain","customer.1645@example.com","2023-06-30","Jaipur","India"
"CUST-1646","Riya Reddy","customer.1646@example.com","2022-09-30","Delhi","India"
"CUST-1647","Riya Verma","customer.1647@example.com","2025-07-13","Hyderabad","India"
"CUST-1648","Reyansh Sharma","customer.1648@example.com","2025-05-16","Ahmedabad","India"
"CUST-1649","Kiara Kumar","customer.1649@example.com","2025-10-26","Kolkata","India"
"CUST-1650","Pari Singh","customer.1650@example.com","2023-12-21","Kolkata","India"
"CUST-1651","Saanvi Shah","customer.1651@example.com","2024-02-16","Kolkata","India"
"CUST-1652","Aarav Sharma","customer.1652@example.com","2023-12-04","Chennai","India"
"CUST-1653","Aditya Jain","customer.1653@example.com","2024-06-30","Bangalore","India"
"CUST-1654","Krishna Gupta","customer.1654@example.com","2022-02-02","Pune","India"
"CUST-1655","Ananya Mehta","customer.1655@example.com","2022-05-16","Mumbai","India"
"CUST-1656","Saanvi Sharma","customer.1656@example.com","2025-08-19","Jaipur","India"
"CUST-1657","Krishna Patel","customer.1657@example.com","2024-07-21","Chennai","India"
"CUST-1658","Aditya Sharma","customer.1658@example.com","2023-10-14","Ahmedabad","India"
"CUST-1659","Vihaan Sharma","customer.1659@example.com","2025-08-18","Jaipur","India"
"CUST-1660","Vihaan Singh","customer.1660@example.com","2024-06-25","Surat","India"
"CUST-1661","Aarav Verma","customer.1661@example.com","2025-02-21","Jaipur","India"
"CUST-1662","Arjun Jain","customer.1662@example.com","2025-08-24","Pune","India"
"CUST-1663","Sitara Mehta","customer.1663@example.com","2024-05-05","Chennai","India"
"CUST-1664","Ayaan Mehta","customer.1664@example.com","2023-10-30","Hyderabad","India"
"CUST-1665","Riya Gupta","customer.1665@example.com","2022-07-21","Surat","India"
"CUST-1666","Sai Singh","customer.1666@example.com","2023-07-19","Chennai","India"
"CUST-1667","Arjun Verma","customer.1667@example.com","2024-11-01","Pune","India"
"CUST-1668","Riya Shah","customer.1668@example.com","2022-11-19","Ahmedabad","India"
"CUST-1669","Krishna Jain","customer.1669@example.com","2024-02-23","Delhi","India"
"CUST-1670","Sai Sharma","customer.1670@example.com","2025-09-17","Kolkata","India"
"CUST-1671","Vivaan Jain","customer.1671@example.com","2023-02-08","Hyderabad","India"
"CUST-1672","Arjun Patel","customer.1672@example.com","2023-10-27","Mumbai","India"
"CUST-1673","Pari Singh","customer.1673@example.com","2022-10-14","Jaipur","India"
"CUST-1674","Riya Patel","customer.1674@example.com","2024-05-11","Delhi","India"
"CUST-1675","Sitara Mehta","customer.1675@example.com","2023-07-30","Kolkata","India"
"CUST-1676","Ananya Reddy","customer.1676@example.com","2022-10-15","Hyderabad","India"
"CUST-1677","Saanvi Shah","customer.1677@example.com","2022-05-23","Chennai","India"
"CUST-1678","Saanvi Mehta","customer.1678@example.com","2022-08-30","Delhi","India"
"CUST-1679","Sai Sharma","customer.1679@example.com","2024-04-12","Kolkata","India"
"CUST-1680","Krishna Mehta","customer.1680@example.com","2025-08-24","Chennai","India"
"CUST-1681","Saanvi Jain","customer.1681@example.com","2023-07-01","Jaipur","India"
"CUST-1682","Vihaan Mehta","customer.1682@example.com","2022-09-14","Ahmedabad","India"
"CUST-1683","Kiara Gupta","customer.1683@example.com","2024-11-09","Mumbai","India"
"CUST-1684","Sitara Singh","customer.1684@example.com","2022-05-24","Surat","India"
"CUST-1685","Vihaan Reddy","customer.1685@example.com","2022-12-15","Chennai","India"
"CUST-1686","Ananya Patel","customer.1686@example.com","2023-10-15","Mumbai","India"
"CUST-1687","Aadya Jain","customer.1687@example.com","2024-02-15","Kolkata","India"
"CUST-1688","Sitara Gupta","customer.1688@example.com","2022-03-10","Mumbai","India"
"CUST-1689","Reyansh Singh","customer.1689@example.com","2022-08-19","Delhi","India"
"CUST-1690","Diya Mehta","customer.1690@example.com","2025-03-28","Mumbai","India"
"CUST-1691","Sitara Sharma","customer.1691@example.com","2022-10-02","Surat","India"
"CUST-1692","Ananya Sharma","customer.1692@example.com","2024-09-18","Surat","India"
"CUST-1693","Ananya Kumar","customer.1693@example.com","2024-09-22","Jaipur","India"
"CUST-1694","Ananya Gupta","customer.1694@example.com","2023-07-22","Jaipur","India"
"CUST-1695","Riya Verma","customer.1695@example.com","2022-12-02","Pune","India"
"CUST-1696","Diya Jain","customer.1696@example.com","2023-04-12","Pune","India"
"CUST-1697","Vivaan Shah","customer.1697@example.com","2024-09-26","Pune","India"
"CUST-1698","Ayaan Verma","customer.1698@example.com","2025-02-05","Mumbai","India"
"CUST-1699","Reyansh Verma","customer.1699@example.com","2023-08-24","Pune","India"
"CUST-1700","Diya Shah","customer.1700@example.com","2023-11-07","Kolkata","India"
"CUST-1701","Aditya Mehta","customer.1701@example.com","2023-09-11","Kolkata","India"
"CUST-1702","Aarav Sharma","customer.1702@example.com","2022-06-11","Kolkata","India"
"CUST-1703","Vihaan Kumar","customer.1703@example.com","2023-08-28","Kolkata","India"
"CUST-1704","Sai Reddy","customer.1704@example.com","2022-01-13","Kolkata","India"
"CUST-1705","Sitara Patel","customer.1705@example.com","2024-07-15","Bangalore","India"
"CUST-1706","Kiara Patel","customer.1706@example.com","2023-08-17","Ahmedabad","India"
"CUST-1707","Reyansh Reddy","customer.1707@example.com","2023-08-15","Jaipur","India"
"CUST-1708","Aditya Verma","customer.1708@example.com","2025-03-04","Mumbai","India"
"CUST-1709","Diya Shah","customer.1709@example.com","2022-04-01","Mumbai","India"
"CUST-1710","Saanvi Patel","customer.1710@example.com","2023-11-17","Chennai","India"
"CUST-1711","Krishna Mehta","customer.1711@example.com","2022-12-20","Jaipur","India"
"CUST-1712","Ishaan Patel","customer.1712@example.com","2024-08-18","Jaipur","India"
"CUST-1713","Kiara Shah","customer.1713@example.com","2023-07-01","Pune","India"
"CUST-1714","Riya Kumar","customer.1714@example.com","2025-09-14","Bangalore","India"
"CUST-1715","Ayaan Reddy","customer.1715@example.com","2023-07-14","Bangalore","India"
"CUST-1716","Vihaan Sharma","customer.1716@example.com","2023-02-12","Bangalore","India"
"CUST-1717","Diya Shah","customer.1717@example.com","2023-06-30","Jaipur","India"
"CUST-1718","Aditya Reddy","customer.1718@example.com","2023-12-26","Pune","India"
"CUST-1719","Vivaan Reddy","customer.1719@example.com","2023-09-06","Jaipur","India"
"CUST-1720","Diya Reddy","customer.1720@example.com","2025-05-07","Delhi","India"
"CUST-1721","Diya Singh","customer.1721@example.com","2022-04-05","Hyderabad","India"
"CUST-1722","Vivaan Kumar","customer.1722@example.com","2023-04-04","Jaipur","India"
"CUST-1723","Sai Singh","customer.1723@example.com","2023-03-19","Pune","India"
"CUST-1724","Sai Shah","customer.1724@example.com","2025-04-30","Chennai","India"
"CUST-1725","Krishna Mehta","customer.1725@example.com","2025-02-17","Pune","India"
"CUST-1726","Vihaan Verma","customer.1726@example.com","2025-08-23","Bangalore","India"
"CUST-1727","Riya Mehta","customer.1727@example.com","2024-12-26","Kolkata","India"
"CUST-1728","Ananya Kumar","customer.1728@example.com","2023-03-16","Ahmedabad","India"
"CUST-1729","Aarav Mehta","customer.1729@example.com","2022-08-25","Mumbai","India"
"CUST-1730","Saanvi Reddy","customer.1730@example.com","2025-01-20","Jaipur","India"
"CUST-1731","Kiara Sharma","customer.1731@example.com","2025-12-18","Hyderabad","India"
"CUST-1732","Ananya Singh","customer.1732@example.com","2025-11-07","Mumbai","India"
"CUST-1733","Reyansh Jain","customer.1733@example.com","2022-08-07","Pune","India"
"CUST-1734","Krishna Kumar","customer.1734@example.com","2023-11-24","Surat","India"
"CUST-1735","Krishna Singh","customer.1735@example.com","2025-12-22","Jaipur","India"
"CUST-1736","Aadya Singh","customer.1736@example.com","2022-07-24","Chennai","India"
"CUST-1737","Ishaan Gupta","customer.1737@example.com","2024-02-26","Pune","India"
"CUST-1738","Aadya Gupta","customer.1738@example.com","2025-08-16","Kolkata","India"
"CUST-1739","Pari Kumar","customer.1739@example.com","2023-03-19","Pune","India"
"CUST-1740","Ishaan Verma","customer.1740@example.com","2023-06-09","Jaipur","India"
"CUST-1741","Ayaan Mehta","customer.1741@example.com","2025-09-12","Chennai","India"
"CUST-1742","Vihaan Jain","customer.1742@example.com","2023-01-06","Kolkata","India"
"CUST-1743","Sai Reddy","customer.1743@example.com","2025-07-22","Surat","India"
"CUST-1744","Kiara Verma","customer.1744@example.com","2022-08-06","Pune","India"
"CUST-1745","Vihaan Shah","customer.1745@example.com","2022-09-16","Mumbai","India"
"CUST-1746","Arjun Kumar","customer.1746@example.com","2022-12-04","Chennai","India"
"CUST-1747","Reyansh Sharma","customer.1747@example.com","2022-09-22","Surat","India"
"CUST-1748","Ayaan Verma","customer.1748@example.com","2024-06-26","Pune","India"
"CUST-1749","Riya Jain","customer.1749@example.com","2023-05-01","Delhi","India"
"CUST-1750","Ayaan Mehta","customer.1750@example.com","2022-06-16","Mumbai","India"
"CUST-1751","Aarav Shah","customer.1751@example.com","2024-08-25","Delhi","India"
"CUST-1752","Arjun Patel","customer.1752@example.com","2024-01-07","Jaipur","India"
"CUST-1753","Sai Patel","customer.1753@example.com","2025-11-04","Jaipur","India"
"CUST-1754","Saanvi Reddy","customer.1754@example.com","2024-06-18","Ahmedabad","India"
"CUST-1755","Riya Verma","customer.1755@example.com","2025-02-10","Chennai","India"
"CUST-1756","Aarav Verma","customer.1756@example.com","2022-03-11","Mumbai","India"
"CUST-1757","Riya Shah","customer.1757@example.com","2025-07-18","Kolkata","India"
"CUST-1758","Riya Singh","customer.1758@example.com","2024-09-15","Chennai","India"
"CUST-1759","Ayaan Verma","customer.1759@example.com","2023-05-20","Jaipur","India"
"CUST-1760","Kiara Singh","customer.1760@example.com","2025-04-06","Jaipur","India"
"CUST-1761","Sitara Patel","customer.1761@example.com","2024-06-12","Hyderabad","India"
"CUST-1762","Ayaan Verma","customer.1762@example.com","2025-08-03","Mumbai","India"
"CUST-1763","Arjun Shah","customer.1763@example.com","2022-04-09","Hyderabad","India"
"CUST-1764","Ishaan Singh","customer.1764@example.com","2023-12-09","Bangalore","India"
"CUST-1765","Pari Verma","customer.1765@example.com","2023-07-15","Surat","India"
"CUST-1766","Sitara Patel","customer.1766@example.com","2024-08-23","Delhi","India"
"CUST-1767","Ayaan Singh","customer.1767@example.com","2024-11-26","Chennai","India"
"CUST-1768","Vivaan Shah","customer.1768@example.com","2023-04-13","Surat","India"
"CUST-1769","Ananya Gupta","customer.1769@example.com","2024-11-03","Hyderabad","India"
"CUST-1770","Sitara Shah","customer.1770@example.com","2024-01-16","Surat","India"
"CUST-1771","Vivaan Reddy","customer.1771@example.com","2022-08-23","Kolkata","India"
"CUST-1772","Kiara Shah","customer.1772@example.com","2025-02-26","Kolkata","India"
"CUST-1773","Aditya Mehta","customer.1773@example.com","2025-05-15","Mumbai","India"
"CUST-1774","Saanvi Verma","customer.1774@example.com","2025-11-03","Jaipur","India"
"CUST-1775","Krishna Patel","customer.1775@example.com","2024-01-16","Mumbai","India"
"CUST-1776","Vihaan Jain","customer.1776@example.com","2023-02-22","Mumbai","India"
"CUST-1777","Riya Reddy","customer.1777@example.com","2022-08-04","Kolkata","India"
"CUST-1778","Ananya Singh","customer.1778@example.com","2024-09-12","Bangalore","India"
"CUST-1779","Ishaan Patel","customer.1779@example.com","2022-01-14","Jaipur","India"
"CUST-1780","Vivaan Patel","customer.1780@example.com","2024-10-31","Delhi","India"
"CUST-1781","Reyansh Reddy","customer.1781@example.com","2023-04-19","Pune","India"
"CUST-1782","Reyansh Shah","customer.1782@example.com","2023-02-01","Chennai","India"
"CUST-1783","Kiara Patel","customer.1783@example.com","2022-09-12","Pune","India"
"CUST-1784","Reyansh Jain","customer.1784@example.com","2023-05-23","Delhi","India"
"CUST-1785","Sitara Jain","customer.1785@example.com","2023-05-10","Mumbai","India"
"CUST-1786","Sai Reddy","customer.1786@example.com","2022-12-28","Pune","India"
"CUST-1787","Sai Verma","customer.1787@example.com","2022-11-14","Chennai","India"
"CUST-1788","Reyansh Reddy","customer.1788@example.com","2025-01-25","Kolkata","India"
"CUST-1789","Sitara Gupta","customer.1789@example.com","2022-11-06","Bangalore","India"
"CUST-1790","Saanvi Sharma","customer.1790@example.com","2024-09-25","Mumbai","India"
"CUST-1791","Aditya Verma","customer.1791@example.com","2022-07-21","Kolkata","India"
"CUST-1792","Reyansh Verma","customer.1792@example.com","2022-04-04","Bangalore","India"
"CUST-1793","Saanvi Patel","customer.1793@example.com","2024-05-05","Hyderabad","India"
"CUST-1794","Ayaan Kumar","customer.1794@example.com","2022-02-24","Pune","India"
"CUST-1795","Ayaan Shah","customer.1795@example.com","2023-06-05","Mumbai","India"
"CUST-1796","Sitara Singh","customer.1796@example.com","2024-03-10","Surat","India"
"CUST-1797","Ananya Reddy","customer.1797@example.com","2022-09-25","Jaipur","India"
"CUST-1798","Ayaan Reddy","customer.1798@example.com","2024-02-14","Kolkata","India"
"CUST-1799","Sai Jain","customer.1799@example.com","2022-08-18","Delhi","India"
"CUST-1800","Sai Gupta","customer.1800@example.com","2022-10-10","Bangalore","India"