OrderID,CustomerID,OrderDate,OrderStatus,TotalAmount
"ORD-50001","CUST-1658","2023-06-06","Pending","15021.63"
"ORD-50002","CUST-1164","2025-11-04","Shipped","56964.74"
"ORD-50003","CUST-1223","2023-05-10","Delivered","52592.45"
"ORD-50004","CUST-1500","2024-05-23","Processing","71778.81"
"ORD-50005","CUST-1683","2023-09-07","Processing","32644.96"
"ORD-50006","CUST-1155","2023-06-21","Delivered","18621.62"
"ORD-50007","CUST-1381","2024-09-21","Shipped","61329.32"
"ORD-50008","CUST-1204","2024-05-03","Pending","24632.13"
"ORD-50009","CUST-1278","2024-10-14","Pending","75364.58"
"ORD-50010","CUST-1648","2023-03-16","Processing","9242.87"
"ORD-50011","CUST-1494","2025-07-20","Pending","14808.94"
"ORD-50012","CUST-1290","2024-04-27","Cancelled","46746.68"
"ORD-50013","CUST-1306","2025-07-02","Cancelled","47768.25"
"ORD-50014","CUST-1506","2023-05-20","Cancelled","5899.59"
"ORD-50015","CUST-1071","2025-04-15","Shipped","46885.37"
"ORD-50016","CUST-1509","2024-06-26","Processing","34581.21"
"ORD-50017","CUST-1708","2024-05-22","Cancelled","9311.61"
"ORD-50018","CUST-1353","2023-02-11","Delivered","29012.91"
"ORD-50019","CUST-1246","2024-02-24","Delivered","26670.18"
"ORD-50020","CUST-1441","2024-01-30","Delivered","15538.12"
"ORD-50021","CUST-1707","2024-08-20","Pending","51937.03"
"ORD-50022","CUST-1558","2023-02-16","Pending","23321.57"
"ORD-50023","CUST-1615","2024-09-05","Shipped","21960.59"
"ORD-50024","CUST-1282","2024-04-10","Pending","32779.39"
"ORD-50025","CUST-1570","2023-01-07","Cancelled","7577.25"
"ORD-50026","CUST-1064","2024-01-11","Delivered","46431.65"
"ORD-50027","CUST-1218","2025-06-06","Cancelled","44628.23"
"ORD-50028","CUST-1630","2024-06-06","Processing","52814.43"
"ORD-50029","CUST-1214","2025-05-21","Pending","9715.4"
"ORD-50030","CUST-1152","2024-02-27","Cancelled","18626.76"
"ORD-50031","CUST-1118","2024-11-25","Pending","21119.31"
"ORD-50032","CUST-1542","2023-12-19","Delivered","8170.58"
"ORD-50033","CUST-1327","2023-05-29","Processing","54685.78"
"ORD-50034","CUST-1570","2025-09-22","Processing","8955.54"
"ORD-50035","CUST-1143","2023-03-26","Shipped","56718.25"
"ORD-50036","CUST-1148","2023-08-27","Pending","16712.1"
"ORD-50037","CUST-1502","2024-11-12","Cancelled","22536.38"
"ORD-50038","CUST-1331","2023-03-16","Delivered","13814.84"
"ORD-50039","CUST-1144","2023-02-08","Cancelled","45501.03"
"ORD-50040","CUST-1277","2023-05-08","Delivered","44487.43"
"ORD-50041","CUST-1310","2023-03-29","Processing","14624.69"
"ORD-50042","CUST-1287","2023-02-15","Pending","50448.56"
"ORD-50043","CUST-1063","2024-02-18","Processing","28617.94"
"ORD-50044","CUST-1060","2025-10-29","Shipped","15576.76"
"ORD-50045","CUST-1204","2024-04-04","Delivered","23416.29"
"ORD-50046","CUST-1281","2024-07-25","Pending","17698.77"
"ORD-50047","CUST-1110","2024-06-25","Delivered","57015.83"
"ORD-50048","CUST-1320","2024-06-04","Delivered","17548.4"
"ORD-50049","CUST-1765","2025-12-16","Pending","23225.72"
"ORD-50050","CUST-1077","2024-06-10","Pending","54123.3"
"ORD-50051","CUST-1311","2025-04-19","Pending","3103.87"
"ORD-50052","CUST-1166","2023-05-21","Pending","33224.8"
"ORD-50053","CUST-1189","2024-08-02","Cancelled","9311.61"
"ORD-50054","CUST-1257","2023-12-02","Shipped","13814.84"
"ORD-50055","CUST-1490","2024-09-16","Pending","68619.4"
"ORD-50056","CUST-1646","2024-01-05","Pending","24069.54"
"ORD-50057","CUST-1369","2023-08-24","Delivered","13580.88"
"ORD-50058","CUST-1615","2023-02-01","Delivered","56268.1"
"ORD-50059","CUST-1657","2025-01-22","Cancelled","6120.11"
"ORD-50060","CUST-1752","2024-06-16","Shipped","32583.3"
"ORD-50061","CUST-1305","2025-03-02","Delivered","13668.65"
"ORD-50062","CUST-1706","2024-04-22","Delivered","56327.22"
"ORD-50063","CUST-1409","2023-07-28","Cancelled","5899.59"
"ORD-50064","CUST-1199","2025-07-01","Cancelled","32443.34"
"ORD-50065","CUST-1693","2024-11-29","Pending","19535.55"
"ORD-50066","CUST-1764","2025-03-13","Pending","69592.11"
"ORD-50067","CUST-1423","2024-05-12","Processing","25347.05"
"ORD-50068","CUST-1650","2024-10-13","Cancelled","13940.91"
"ORD-50069","CUST-1679","2024-05-02","Cancelled","27317.53"
"ORD-50070","CUST-1766","2024-07-17","Processing","18716.8"
"ORD-50071","CUST-1652","2023-12-16","Cancelled","23574.5"
"ORD-50072","CUST-1661","2024-09-07","Shipped","22072.47"
"ORD-50073","CUST-1212","2025-11-21","Delivered","7937.9"
"ORD-50074","CUST-1564","2024-12-25","Delivered","18360.33"
"ORD-50075","CUST-1681","2024-09-13","Cancelled","15538.12"
"ORD-50076","CUST-1523","2023-07-31","Delivered","27978.01"
"ORD-50077","CUST-1138","2025-02-23","Processing","18042.58"
"ORD-50078","CUST-1284","2025-04-05","Processing","66744.03"
"ORD-50079","CUST-1532","2023-09-09","Processing","6743.6"
"ORD-50080","CUST-1297","2023-07-02","Shipped","13709.15"
"ORD-50081","CUST-1395","2025-01-22","Pending","21656.83"
"ORD-50082","CUST-1754","2023-07-14","Delivered","33059.21"
"ORD-50083","CUST-1009","2025-11-04","Processing","37036.04"
"ORD-50084","CUST-1416","2025-03-24","Pending","25789.67"
"ORD-50085","CUST-1274","2023-03-20","Delivered","15476.33"
"ORD-50086","CUST-1411","2023-12-01","Pending","40585.92"
"ORD-50087","CUST-1170","2023-04-30","Pending","2113.87"
"ORD-50088","CUST-1633","2023-05-22","Processing","6120.11"
"ORD-50089","CUST-1264","2023-06-22","Processing","24282.23"
"ORD-50090","CUST-1637","2023-02-21","Pending","24470.01"
"ORD-50091","CUST-1045","2025-05-02","Cancelled","7577.25"
"ORD-50092","CUST-1235","2024-04-01","Processing","15928.71"
"ORD-50093","CUST-1203","2024-07-19","Pending","50411.16"
"ORD-50094","CUST-1142","2023-07-29","Pending","8879.56"
"ORD-50095","CUST-1655","2025-06-28","Pending","42364.14"
"ORD-50096","CUST-1545","2023-04-02","Shipped","30135.36"
"ORD-50097","CUST-1378","2023-02-23","Pending","44844.7"
"ORD-50098","CUST-1687","2024-05-03","Pending","24592.88"
"ORD-50099","CUST-1521","2025-11-16","Pending","47557.93"
"ORD-50100","CUST-1451","2024-12-04","Cancelled","71581.53"
"ORD-50101","CUST-1550","2024-06-22","Pending","44865.84"
"ORD-50102","CUST-1617","2025-10-30","Delivered","2825.51"
"ORD-50103","CUST-1309","2023-09-24","Pending","21130.92"
"ORD-50104","CUST-1333","2024-10-28","Cancelled","43883.9"
"ORD-50105","CUST-1665","2025-01-07","Delivered","22804.54"
"ORD-50106","CUST-1133","2023-12-04","Processing","33361.09"
"ORD-50107","CUST-1537","2024-01-28","Delivered","34005.57"
"ORD-50108","CUST-1015","2023-12-04","Cancelled","21014.42"
"ORD-50109","CUST-1543","2024-06-05","Processing","68035.18"
"ORD-50110","CUST-1790","2024-01-31","Shipped","55145.21"
"ORD-50111","CUST-1633","2024-03-23","Delivered","26151.24"
"ORD-50112","CUST-1148","2025-03-16","Processing","35490.72"
"ORD-50113","CUST-1219","2024-11-24","Processing","47287.88"
"ORD-50114","CUST-1257","2024-08-09","Shipped","26749.64"
"ORD-50115","CUST-1704","2024-12-28","Shipped","6907.42"
"ORD-50116","CUST-1766","2024-09-06","Processing","42502.38"
"ORD-50117","CUST-1219","2023-02-26","Cancelled","19010.11"
"ORD-50118","CUST-1074","2025-06-18","Cancelled","26886.97"
"ORD-50119","CUST-1693","2024-07-26","Cancelled","27600.03"
"ORD-50120","CUST-1452","2024-04-27","Delivered","55058.41"
"ORD-50121","CUST-1055","2024-01-07","Cancelled","23813.7"
"ORD-50122","CUST-1486","2024-06-10","Pending","1373.44"
"ORD-50123","CUST-1192","2024-08-20","Shipped","32009.64"
"ORD-50124","CUST-1186","2024-09-24","Processing","2727.76"
"ORD-50125","CUST-1078","2024-11-24","Pending","7769.06"
"ORD-50126","CUST-1728","2024-10-07","Delivered","41428.06"
"ORD-50127","CUST-1388","2024-06-17","Cancelled","5516.65"
"ORD-50128","CUST-1699","2025-03-30","Delivered","12653.8"
"ORD-50129","CUST-1160","2024-12-15","Processing","26500.83"
"ORD-50130","CUST-1525","2025-08-10","Delivered","37943.56"
"ORD-50131","CUST-1258","2024-10-13","Processing","60934.37"
"ORD-50132","CUST-1083","2024-04-29","Pending","26373.08"
"ORD-50133","CUST-1076","2024-07-13","Pending","13528.03"
"ORD-50134","CUST-1291","2024-05-22","Pending","27920.31"
"ORD-50135","CUST-1315","2024-07-31","Delivered","27600.77"
"ORD-50136","CUST-1294","2025-12-11","Cancelled","5121.89"
"ORD-50137","CUST-1400","2024-01-31","Shipped","13433.31"
"ORD-50138","CUST-1584","2023-12-07","Shipped","15582.93"
"ORD-50139","CUST-1659","2025-04-11","Pending","50704.8"
"ORD-50140","CUST-1659","2023-03-14","Shipped","34526.43"
"ORD-50141","CUST-1210","2024-07-14","Processing","8857.3"
"ORD-50142","CUST-1219","2023-01-26","Pending","38196.19"
"ORD-50143","CUST-1727","2025-10-10","Pending","25694.47"
"ORD-50144","CUST-1696","2023-12-16","Processing","71921.66"
"ORD-50145","CUST-1770","2023-08-05","Shipped","7769.06"
"ORD-50146","CUST-1780","2025-03-14","Processing","30897.43"
"ORD-50147","CUST-1347","2023-07-20","Cancelled","48472.98"
"ORD-50148","CUST-1326","2024-01-17","Shipped","48087.51"
"ORD-50149","CUST-1148","2024-03-03","Shipped","39826.26"
"ORD-50150","CUST-1340","2023-12-03","Delivered","7245.61"
"ORD-50151","CUST-1714","2024-03-31","Delivered","29677.8"
"ORD-50152","CUST-1227","2023-04-30","Cancelled","48325.65"
"ORD-50153","CUST-1180","2024-05-06","Shipped","42514.25"
"ORD-50154","CUST-1592","2025-04-06","Delivered","14354.09"
"ORD-50155","CUST-1798","2023-12-04","Cancelled","26578.33"
"ORD-50156","CUST-1635","2024-12-07","Pending","8879.56"
"ORD-50157","CUST-1780","2024-09-08","Delivered","38862.15"
"ORD-50158","CUST-1347","2024-05-29","Pending","34148.52"
"ORD-50159","CUST-1258","2023-11-19","Cancelled","29795.73"
"ORD-50160","CUST-1305","2025-02-26","Shipped","33903.9"
"ORD-50161","CUST-1744","2025-02-23","Pending","22957.84"
"ORD-50162","CUST-1580","2024-12-17","Delivered","4646.97"
"ORD-50163","CUST-1790","2025-02-21","Pending","15557.37"
"ORD-50164","CUST-1660","2024-01-17","Cancelled","27531.42"
"ORD-50165","CUST-1114","2024-10-14","Cancelled","18477.5"
"ORD-50166","CUST-1597","2024-06-06","Processing","33646.9"
"ORD-50167","CUST-1483","2023-06-22","Cancelled","30386.92"
"ORD-50168","CUST-1158","2024-07-07","Processing","38463.87"
"ORD-50169","CUST-1674","2025-03-28","Pending","24055.38"
"ORD-50170","CUST-1697","2025-09-26","Pending","9931.91"
"ORD-50171","CUST-1205","2024-12-03","Pending","51038.56"
"ORD-50172","CUST-1459","2025-12-10","Cancelled","51023.43"
"ORD-50173","CUST-1242","2025-11-18","Pending","44247.93"
"ORD-50174","CUST-1350","2023-01-08","Processing","3371.8"
"ORD-50175","CUST-1553","2023-01-23","Pending","17473.6"
"ORD-50176","CUST-1358","2024-05-14","Cancelled","18415.55"
"ORD-50177","CUST-1663","2023-10-03","Processing","23776.94"
"ORD-50178","CUST-1191","2024-08-27","Pending","60962.96"
"ORD-50179","CUST-1509","2025-06-05","Processing","26770.33"
"ORD-50180","CUST-1168","2023-03-02","Processing","43990.56"
"ORD-50181","CUST-1396","2024-09-17","Processing","7245.61"
"ORD-50182","CUST-1024","2023-08-15","Delivered","51955.42"
"ORD-50183","CUST-1295","2024-09-16","Pending","11799.18"
"ORD-50184","CUST-1271","2024-07-12","Delivered","22607.24"
"ORD-50185","CUST-1792","2025-01-18","Processing","13814.84"
"ORD-50186","CUST-1207","2024-02-09","Pending","46519.25"
"ORD-50187","CUST-1598","2025-06-11","Cancelled","40349.71"
"ORD-50188","CUST-1440","2025-05-16","Processing","21514.58"
"ORD-50189","CUST-1198","2023-12-28","Delivered","60451.52"
"ORD-50190","CUST-1500","2025-12-24","Delivered","19023.81"
"ORD-50191","CUST-1392","2024-01-02","Delivered","71848.55"
"ORD-50192","CUST-1171","2023-01-08","Shipped","14167.46"
"ORD-50193","CUST-1304","2023-01-29","Processing","36975.26"
"ORD-50194","CUST-1091","2023-10-06","Shipped","7132.78"
"ORD-50195","CUST-1576","2023-03-20","Shipped","3212.47"
"ORD-50196","CUST-1469","2024-05-02","Delivered","32233.22"
"ORD-50197","CUST-1195","2025-01-21","Pending","54616.81"
"ORD-50198","CUST-1653","2025-03-06","Delivered","9142.5"
"ORD-50199","CUST-1654","2025-08-04","Delivered","40780.78"
"ORD-50200","CUST-1165","2025-07-12","Processing","28949.4"
"ORD-50201","CUST-1561","2023-09-05","Processing","34496.32"
"ORD-50202","CUST-1587","2024-01-22","Pending","50034.44"
"ORD-50203","CUST-1680","2024-10-29","Cancelled","37600.61"
"ORD-50204","CUST-1642","2024-08-24","Delivered","66433.55"
"ORD-50205","CUST-1301","2024-10-01","Delivered","61990.49"
"ORD-50206","CUST-1373","2025-09-16","Pending","5051.5"
"ORD-50207","CUST-1097","2024-04-13","Cancelled","27263.8"
"ORD-50208","CUST-1634","2024-01-24","Processing","17007.81"
"ORD-50209","CUST-1612","2025-06-27","Shipped","35356.27"
"ORD-50210","CUST-1154","2024-02-07","Cancelled","2525.75"
"ORD-50211","CUST-1296","2025-04-23","Shipped","48061.56"
"ORD-50212","CUST-1750","2024-12-24","Delivered","18360.33"
"ORD-50213","CUST-1606","2025-05-16","Shipped","17611.51"
"ORD-50214","CUST-1156","2023-03-24","Delivered","31368.84"
"ORD-50215","CUST-1710","2023-06-16","Processing","30441.7"
"ORD-50216","CUST-1438","2024-04-22","Pending","12255.87"
"ORD-50217","CUST-1073","2024-10-22","Shipped","39132.06"
"ORD-50218","CUST-1687","2025-12-12","Processing","39781.94"
"ORD-50219","CUST-1194","2025-07-28","Shipped","11743.11"
"ORD-50220","CUST-1180","2025-10-19","Pending","31580.48"
"ORD-50221","CUST-1672","2023-12-05","Delivered","23813.7"
"ORD-50222","CUST-1781","2024-01-26","Delivered","20366"
"ORD-50223","CUST-1215","2024-06-21","Shipped","12690.79"
"ORD-50224","CUST-1645","2025-05-15","Cancelled","24677.28"
"ORD-50225","CUST-1492","2024-12-21","Pending","20223.37"
"ORD-50226","CUST-1770","2025-11-07","Delivered","28580.74"
"ORD-50227","CUST-1053","2023-08-20","Shipped","42722.74"
"ORD-50228","CUST-1562","2025-09-19","Processing","34996.6"
"ORD-50229","CUST-1207","2023-08-20","Delivered","11799.18"
"ORD-50230","CUST-1639","2024-08-26","Pending","48568.54"
"ORD-50231","CUST-1217","2024-04-16","Delivered","38923.38"
"ORD-50232","CUST-1545","2023-09-06","Delivered","55616.64"
"ORD-50233","CUST-1758","2024-03-18","Shipped","37412.12"
"ORD-50234","CUST-1616","2024-06-09","Delivered","19863.66"
"ORD-50235","CUST-1283","2025-03-05","Cancelled","39086.47"
"ORD-50236","CUST-1476","2025-09-12","Processing","23468.78"
"ORD-50237","CUST-1240","2023-03-26","Delivered","7039.77"
"ORD-50238","CUST-1644","2023-10-03","Shipped","18631.18"
"ORD-50239","CUST-1338","2024-04-19","Cancelled","12807.99"
"ORD-50240","CUST-1729","2024-06-10","Cancelled","6341.61"
"ORD-50241","CUST-1645","2023-01-29","Processing","61066.64"
"ORD-50242","CUST-1264","2025-06-24","Shipped","46898.7"
"ORD-50243","CUST-1528","2023-01-26","Pending","10115.4"
"ORD-50244","CUST-1134","2024-12-12","Processing","50828.97"
"ORD-50245","CUST-1442","2024-05-15","Processing","35599"
"ORD-50246","CUST-1359","2023-11-09","Delivered","19624.6"
"ORD-50247","CUST-1704","2024-03-18","Shipped","17548.4"
"ORD-50248","CUST-1536","2023-12-12","Cancelled","48835.56"
"ORD-50249","CUST-1178","2024-02-04","Pending","53145.92"
"ORD-50250","CUST-1710","2024-10-18","Cancelled","16613.12"
"ORD-50251","CUST-1602","2024-05-13","Shipped","74842.53"
"ORD-50252","CUST-1512","2025-07-18","Processing","18102.49"
"ORD-50253","CUST-1771","2023-01-09","Shipped","28075.2"
"ORD-50254","CUST-1170","2025-09-19","Shipped","21425.72"
"ORD-50255","CUST-1549","2025-03-09","Processing","30558.03"
"ORD-50256","CUST-1755","2024-06-18","Shipped","30482.45"
"ORD-50257","CUST-1169","2023-01-15","Cancelled","17759.12"
"ORD-50258","CUST-1341","2023-07-26","Cancelled","9756.09"
"ORD-50259","CUST-1161","2025-01-02","Pending","22072.47"
"ORD-50260","CUST-1589","2024-03-10","Processing","17473.6"
"ORD-50261","CUST-1232","2025-08-17","Delivered","50615.62"
"ORD-50262","CUST-1432","2025-10-04","Pending","21251.19"
"ORD-50263","CUST-1158","2025-01-21","Processing","8736.8"
"ORD-50264","CUST-1130","2024-12-10","Shipped","5121.89"
"ORD-50265","CUST-1247","2023-08-12","Processing","13242.44"
"ORD-50266","CUST-1739","2023-01-23","Pending","41129.9"
"ORD-50267","CUST-1581","2024-07-05","Shipped","54072.11"
"ORD-50268","CUST-1176","2024-11-05","Pending","18360.33"
"ORD-50269","CUST-1770","2024-08-09","Pending","40965.16"
"ORD-50270","CUST-1374","2023-03-20","Shipped","31379.14"
"ORD-50271","CUST-1186","2025-02-19","Processing","18477.5"
"ORD-50272","CUST-1523","2023-12-02","Shipped","52054.28"
"ORD-50273","CUST-1737","2025-02-01","Cancelled","32079.13"
"ORD-50274","CUST-1694","2025-09-03","Processing","41666.87"
"ORD-50275","CUST-1549","2023-11-19","Shipped","50941.83"
"ORD-50276","CUST-1397","2024-04-18","Processing","51027.28"
"ORD-50277","CUST-1131","2025-06-07","Cancelled","47011.52"
"ORD-50278","CUST-1589","2023-09-15","Shipped","33899.85"
"ORD-50279","CUST-1476","2023-04-13","Delivered","42676.98"
"ORD-50280","CUST-1010","2025-08-20","Pending","41843.25"
"ORD-50281","CUST-1177","2025-03-02","Shipped","21936.52"
"ORD-50282","CUST-1515","2024-03-05","Cancelled","28093.51"
"ORD-50283","CUST-1593","2024-04-23","Shipped","34255.13"
"ORD-50284","CUST-1501","2025-08-17","Delivered","14471.52"
"ORD-50285","CUST-1099","2023-08-19","Pending","23547.77"
"ORD-50286","CUST-1422","2024-01-19","Pending","40063.45"
"ORD-50287","CUST-1534","2024-07-21","Shipped","17892.33"
"ORD-50288","CUST-1787","2023-05-31","Cancelled","8879.56"
"ORD-50289","CUST-1007","2024-11-02","Cancelled","37079.34"
"ORD-50290","CUST-1717","2025-12-12","Processing","24618.24"
"ORD-50291","CUST-1128","2023-08-11","Cancelled","61932.18"
"ORD-50292","CUST-1556","2023-08-07","Processing","17434.16"
"ORD-50293","CUST-1524","2025-05-20","Delivered","18060.41"
"ORD-50294","CUST-1520","2025-06-02","Shipped","37622.78"
"ORD-50295","CUST-1642","2024-07-03","Processing","63161.43"
"ORD-50296","CUST-1348","2023-01-29","Pending","24385.92"
"ORD-50297","CUST-1015","2024-07-24","Processing","36995.6"
"ORD-50298","CUST-1087","2025-12-14","Processing","9053.92"
"ORD-50299","CUST-1598","2024-11-30","Cancelled","17710.24"
"ORD-50300","CUST-1584","2023-04-25","Delivered","37636.49"
"ORD-50301","CUST-1055","2025-01-04","Pending","9662.52"
"ORD-50302","CUST-1230","2025-07-19","Cancelled","41617.19"
"ORD-50303","CUST-1784","2024-02-07","Pending","14903.05"
"ORD-50304","CUST-1580","2024-10-01","Processing","3103.87"
"ORD-50305","CUST-1545","2024-09-20","Pending","67732.57"
"ORD-50306","CUST-1215","2024-08-08","Pending","4477.77"
"ORD-50307","CUST-1680","2024-03-24","Cancelled","24100.73"
"ORD-50308","CUST-1594","2023-11-20","Shipped","44745.18"
"ORD-50309","CUST-1738","2025-04-05","Cancelled","14714.98"
"ORD-50310","CUST-1796","2023-07-18","Processing","12104.21"
"ORD-50311","CUST-1348","2025-03-20","Shipped","26767.54"
"ORD-50312","CUST-1202","2024-05-12","Shipped","18800.84"
"ORD-50313","CUST-1661","2023-02-05","Shipped","55384.58"
"ORD-50314","CUST-1473","2025-05-19","Processing","18477.5"
"ORD-50315","CUST-1195","2023-01-12","Shipped","46065.69"
"ORD-50316","CUST-1732","2024-02-10","Delivered","57342.76"
"ORD-50317","CUST-1040","2024-04-09","Delivered","33232.96"
"ORD-50318","CUST-1511","2023-09-13","Shipped","40549.97"
"ORD-50319","CUST-1336","2025-12-02","Cancelled","47496.23"
"ORD-50320","CUST-1463","2023-01-31","Pending","12926.64"
"ORD-50321","CUST-1594","2024-04-30","Cancelled","23525.86"
"ORD-50322","CUST-1563","2025-12-01","Processing","19228.05"
"ORD-50323","CUST-1631","2025-07-09","Pending","28358.05"
"ORD-50324","CUST-1760","2023-04-22","Processing","26151.24"
"ORD-50325","CUST-1774","2024-03-01","Shipped","67928.33"
"ORD-50326","CUST-1472","2024-11-06","Cancelled","6207.74"
"ORD-50327","CUST-1613","2024-02-20","Shipped","32465.09"
"ORD-50328","CUST-1185","2025-08-09","Shipped","25534.08"
"ORD-50329","CUST-1002","2024-05-27","Cancelled","21776.14"
"ORD-50330","CUST-1565","2025-11-26","Cancelled","14167.46"
"ORD-50331","CUST-1667","2025-01-03","Cancelled","45094.02"
"ORD-50332","CUST-1617","2024-04-23","Delivered","33943.2"
"ORD-50333","CUST-1668","2025-07-12","Shipped","9358.4"
"ORD-50334","CUST-1796","2023-10-26","Pending","9053.92"
"ORD-50335","CUST-1772","2023-08-20","Shipped","40899.75"
"ORD-50336","CUST-1547","2025-10-25","Processing","55264.92"
"ORD-50337","CUST-1561","2024-10-18","Pending","29795.73"
"ORD-50338","CUST-1009","2025-07-28","Cancelled","23813.7"
"ORD-50339","CUST-1162","2024-09-11","Shipped","11463.5"
"ORD-50340","CUST-1086","2025-03-14","Cancelled","32128.43"
"ORD-50341","CUST-1624","2024-03-04","Shipped","53039.57"
"ORD-50342","CUST-1120","2023-10-06","Pending","27716.25"
"ORD-50343","CUST-1021","2024-01-11","Shipped","50532.75"
"ORD-50344","CUST-1465","2023-05-06","Shipped","36918.32"
"ORD-50345","CUST-1207","2024-10-11","Delivered","20023.09"
"ORD-50346","CUST-1450","2024-11-08","Cancelled","42242.66"
"ORD-50347","CUST-1715","2025-07-02","Pending","34246.86"
"ORD-50348","CUST-1314","2023-09-07","Processing","21929.63"
"ORD-50349","CUST-1364","2025-08-13","Pending","49917.14"
"ORD-50350","CUST-1780","2024-11-10","Processing","21558.89"
"ORD-50351","CUST-1696","2025-09-05","Processing","7357.49"
"ORD-50352","CUST-1295","2023-06-29","Pending","34832.07"
"ORD-50353","CUST-1235","2023-02-10","Pending","59445.45"
"ORD-50354","CUST-1521","2023-02-25","Cancelled","5121.89"
"ORD-50355","CUST-1386","2023-12-31","Pending","32560.77"
"ORD-50356","CUST-1600","2024-09-21","Shipped","34098.83"
"ORD-50357","CUST-1795","2023-07-06","Pending","69635.86"
"ORD-50358","CUST-1237","2025-04-29","Shipped","55476.93"
"ORD-50359","CUST-1172","2024-08-29","Pending","14175.81"
"ORD-50360","CUST-1277","2023-05-05","Processing","27506.77"
"ORD-50361","CUST-1430","2024-03-19","Delivered","51569.77"
"ORD-50362","CUST-1627","2023-02-18","Shipped","21732.13"
"ORD-50363","CUST-1795","2023-01-26","Processing","8774.2"
"ORD-50364","CUST-1619","2025-01-30","Shipped","14573.1"
"ORD-50365","CUST-1326","2025-12-19","Pending","13242.44"
"ORD-50366","CUST-1760","2023-12-15","Delivered","26994.17"
"ORD-50367","CUST-1453","2024-06-27","Cancelled","33106.1"
"ORD-50368","CUST-1415","2024-08-08","Pending","63717.61"
"ORD-50369","CUST-1764","2024-02-06","Delivered","54985.58"
"ORD-50370","CUST-1053","2024-01-09","Shipped","17473.6"
"ORD-50371","CUST-1173","2025-01-01","Processing","53958.94"
"ORD-50372","CUST-1641","2023-01-23","Pending","8425.34"
"ORD-50373","CUST-1399","2025-06-04","Delivered","9669.09"
"ORD-50374","CUST-1780","2024-02-26","Cancelled","29795.73"
"ORD-50375","CUST-1642","2024-11-18","Pending","28954.35"
"ORD-50376","CUST-1579","2023-09-15","Delivered","37295.52"
"ORD-50377","CUST-1737","2025-10-21","Shipped","9238.75"
"ORD-50378","CUST-1251","2024-03-02","Delivered","38407.11"
"ORD-50379","CUST-1502","2024-04-16","Shipped","19863.66"
"ORD-50380","CUST-1058","2024-06-25","Delivered","9639.51"
"ORD-50381","CUST-1666","2025-04-02","Shipped","20284.87"
"ORD-50382","CUST-1239","2025-03-16","Processing","13814.84"
"ORD-50383","CUST-1043","2025-09-17","Processing","23813.7"
"ORD-50384","CUST-1278","2023-11-04","Shipped","27909.23"
"ORD-50385","CUST-1542","2023-04-07","Processing","43264.66"
"ORD-50386","CUST-1509","2024-11-24","Processing","13580.88"
"ORD-50387","CUST-1785","2025-02-07","Pending","19009.42"
"ORD-50388","CUST-1188","2025-05-07","Pending","39469.38"
"ORD-50389","CUST-1148","2023-08-07","Delivered","42153.44"
"ORD-50390","CUST-1036","2024-07-07","Cancelled","18810.9"
"ORD-50391","CUST-1354","2023-09-03","Shipped","18597.15"
"ORD-50392","CUST-1548","2023-01-07","Delivered","53780.92"
"ORD-50393","CUST-1783","2025-10-20","Pending","17022.72"
"ORD-50394","CUST-1541","2025-09-07","Delivered","9358.4"
"ORD-50395","CUST-1447","2023-08-19","Processing","31413.92"
"ORD-50396","CUST-1332","2024-09-17","Processing","52304.37"
"ORD-50397","CUST-1365","2024-04-15","Cancelled","12165.64"
"ORD-50398","CUST-1220","2024-01-21","Delivered","19863.66"
"ORD-50399","CUST-1417","2025-10-26","Shipped","38750.11"
"ORD-50400","CUST-1602","2024-08-30","Processing","49324.17"
"ORD-50401","CUST-1354","2025-07-11","Processing","36864.98"
"ORD-50402","CUST-1367","2025-10-06","Delivered","47054.53"
"ORD-50403","CUST-1173","2023-05-23","Shipped","25837.54"
"ORD-50404","CUST-1149","2024-10-06","Shipped","33106.84"
"ORD-50405","CUST-1761","2025-08-17","Shipped","20385.02"
"ORD-50406","CUST-1019","2023-06-20","Delivered","10115.4"
"ORD-50407","CUST-1481","2023-02-12","Delivered","15365.67"
"ORD-50408","CUST-1239","2023-08-07","Pending","49044.33"
"ORD-50409","CUST-1353","2025-04-02","Delivered","86442.81"
"ORD-50410","CUST-1314","2023-07-14","Delivered","18587.88"
"ORD-50411","CUST-1548","2025-11-21","Pending","16643.11"
"ORD-50412","CUST-1474","2025-07-01","Cancelled","18992.41"
"ORD-50413","CUST-1575","2023-09-09","Cancelled","24547.17"
"ORD-50414","CUST-1753","2025-05-13","Processing","37789.95"
"ORD-50415","CUST-1266","2025-09-12","Processing","24421.57"
"ORD-50416","CUST-1220","2024-06-12","Processing","15568.68"
"ORD-50417","CUST-1446","2025-07-08","Delivered","34334.43"
"ORD-50418","CUST-1678","2024-12-10","Processing","58437.16"
"ORD-50419","CUST-1282","2023-09-26","Pending","18477.5"
"ORD-50420","CUST-1106","2023-08-01","Processing","41040.35"
"ORD-50421","CUST-1535","2024-04-16","Shipped","46728.91"
"ORD-50422","CUST-1111","2023-12-23","Pending","58289.74"
"ORD-50423","CUST-1468","2024-01-16","Processing","10115.4"
"ORD-50424","CUST-1616","2025-07-28","Delivered","13814.84"
"ORD-50425","CUST-1438","2023-06-02","Processing","7245.61"
"ORD-50426","CUST-1493","2023-06-18","Shipped","54586.83"
"ORD-50427","CUST-1694","2025-12-23","Processing","45992.83"
"ORD-50428","CUST-1285","2025-10-04","Pending","8955.54"
"ORD-50429","CUST-1324","2023-09-07","Processing","62507.29"
"ORD-50430","CUST-1514","2024-12-07","Delivered","41205.07"
"ORD-50431","CUST-1071","2025-08-09","Cancelled","45619.01"
"ORD-50432","CUST-1708","2024-11-06","Pending","31142.38"
"ORD-50433","CUST-1607","2024-05-23","Pending","44875.45"
"ORD-50434","CUST-1388","2025-09-29","Processing","68410.06"
"ORD-50435","CUST-1610","2024-03-30","Processing","38764.63"
"ORD-50436","CUST-1572","2025-05-25","Pending","21010.56"
"ORD-50437","CUST-1675","2024-06-19","Processing","48038.96"
"ORD-50438","CUST-1653","2023-09-02","Delivered","55789.62"
"ORD-50439","CUST-1519","2024-06-11","Delivered","58951.69"
"ORD-50440","CUST-1200","2025-11-02","Processing","36059.1"
"ORD-50441","CUST-1132","2023-05-19","Pending","54877.95"
"ORD-50442","CUST-1589","2025-08-11","Cancelled","17434.16"
"ORD-50443","CUST-1227","2024-04-16","Processing","42646.18"
"ORD-50444","CUST-1735","2024-07-08","Delivered","33908.87"
"ORD-50445","CUST-1611","2025-02-15","Cancelled","24057.17"
"ORD-50446","CUST-1697","2025-05-25","Processing","55013.99"
"ORD-50447","CUST-1373","2024-07-06","Processing","49304.09"
"ORD-50448","CUST-1053","2025-03-25","Processing","44927.2"
"ORD-50449","CUST-1354","2025-04-22","Delivered","38921.47"
"ORD-50450","CUST-1194","2023-12-19","Shipped","18968.99"
"ORD-50451","CUST-1044","2024-07-23","Delivered","51702.48"
"ORD-50452","CUST-1684","2023-05-21","Delivered","23823.94"
"ORD-50453","CUST-1489","2023-06-07","Processing","70477.35"
"ORD-50454","CUST-1212","2024-10-14","Processing","6621.22"
"ORD-50455","CUST-1064","2025-10-22","Shipped","30558.26"
"ORD-50456","CUST-1511","2024-06-16","Pending","32884.26"
"ORD-50457","CUST-1204","2024-11-21","Cancelled","13814.84"
"ORD-50458","CUST-1470","2023-07-23","Pending","14512.66"
"ORD-50459","CUST-1739","2023-07-04","Processing","15866.61"
"ORD-50460","CUST-1027","2024-07-21","Cancelled","51204.71"
"ORD-50461","CUST-1127","2025-11-05","Cancelled","19647.31"
"ORD-50462","CUST-1427","2024-07-04","Delivered","8879.56"
"ORD-50463","CUST-1672","2025-01-11","Pending","26638.68"
"ORD-50464","CUST-1660","2025-04-13","Pending","7083.73"
"ORD-50465","CUST-1635","2023-08-06","Delivered","25534.08"
"ORD-50466","CUST-1584","2023-06-11","Processing","31795.61"
"ORD-50467","CUST-1395","2024-08-28","Processing","43678.16"
"ORD-50468","CUST-1742","2024-07-16","Shipped","30708.38"
"ORD-50469","CUST-1254","2023-06-02","Cancelled","31335.64"
"ORD-50470","CUST-1008","2025-03-19","Shipped","47569.84"
"ORD-50471","CUST-1094","2024-04-21","Cancelled","19863.82"
"ORD-50472","CUST-1758","2025-12-19","Shipped","56772.15"
"ORD-50473","CUST-1091","2025-04-04","Delivered","42493.32"
"ORD-50474","CUST-1603","2024-12-23","Pending","22225.1"
"ORD-50475","CUST-1510","2024-09-18","Delivered","34134.51"
"ORD-50476","CUST-1704","2023-12-13","Shipped","10868.57"
"ORD-50477","CUST-1583","2025-01-23","Pending","59125.12"
"ORD-50478","CUST-1797","2023-10-16","Pending","36810.87"
"ORD-50479","CUST-1587","2025-02-22","Shipped","32192.2"
"ORD-50480","CUST-1088","2023-09-04","Cancelled","1468.93"
"ORD-50481","CUST-1504","2023-06-20","Shipped","10115.4"
"ORD-50482","CUST-1190","2024-02-07","Delivered","38466.1"
"ORD-50483","CUST-1176","2025-09-13","Delivered","14167.46"
"ORD-50484","CUST-1137","2024-07-04","Cancelled","18477.5"
"ORD-50485","CUST-1088","2025-09-22","Processing","56437.54"
"ORD-50486","CUST-1628","2023-12-19","Shipped","5651.02"
"ORD-50487","CUST-1657","2024-08-27","Cancelled","29795.57"
"ORD-50488","CUST-1082","2023-05-06","Delivered","18716.8"
"ORD-50489","CUST-1460","2025-05-27","Cancelled","14159.65"
"ORD-50490","CUST-1589","2024-11-14","Processing","48735.43"
"ORD-50491","CUST-1659","2025-05-08","Processing","14643.79"
"ORD-50492","CUST-1128","2023-04-07","Processing","48346.2"
"ORD-50493","CUST-1336","2025-07-14","Cancelled","15913.02"
"ORD-50494","CUST-1266","2024-07-29","Cancelled","23650.31"
"ORD-50495","CUST-1696","2023-05-24","Delivered","26322.6"
"ORD-50496","CUST-1072","2025-03-18","Processing","51765.51"
"ORD-50497","CUST-1274","2023-03-24","Delivered","14573.1"
"ORD-50498","CUST-1758","2024-12-16","Cancelled","31444.49"
"ORD-50499","CUST-1632","2025-05-04","Delivered","21518.16"
"ORD-50500","CUST-1095","2023-05-23","Cancelled","48041.57"
"ORD-50501","CUST-1097","2025-10-23","Delivered","20754.72"
"ORD-50502","CUST-1160","2025-04-19","Cancelled","12255.87"
"ORD-50503","CUST-1651","2025-06-18","Cancelled","26719.77"
"ORD-50504","CUST-1527","2024-11-14","Shipped","58336.43"
"ORD-50505","CUST-1314","2025-06-27","Shipped","25534.08"
"ORD-50506","CUST-1198","2023-04-30","Pending","36254.51"
"ORD-50507","CUST-1653","2025-01-28","Pending","6207.74"
"ORD-50508","CUST-1296","2024-03-02","Delivered","28460.67"
"ORD-50509","CUST-1074","2024-08-02","Shipped","26902.21"
"ORD-50510","CUST-1608","2024-12-11","Shipped","44570.73"
"ORD-50511","CUST-1685","2024-05-29","Delivered","45193.04"
"ORD-50512","CUST-1408","2023-03-03","Delivered","32970.14"
"ORD-50513","CUST-1658","2023-09-17","Shipped","55339"
"ORD-50514","CUST-1340","2025-05-12","Shipped","26002.98"
"ORD-50515","CUST-1639","2023-03-06","Delivered","8511.36"
"ORD-50516","CUST-1069","2025-04-04","Pending","34629.66"
"ORD-50517","CUST-1594","2025-11-08","Pending","23813.7"
"ORD-50518","CUST-1757","2025-01-12","Cancelled","63654.99"
"ORD-50519","CUST-1509","2023-02-11","Shipped","27503.77"
"ORD-50520","CUST-1434","2023-01-04","Shipped","20420.49"
"ORD-50521","CUST-1704","2024-10-29","Shipped","36013.1"
"ORD-50522","CUST-1153","2025-01-09","Pending","13580.88"
"ORD-50523","CUST-1555","2024-04-13","Cancelled","14573.1"
"ORD-50524","CUST-1467","2025-04-30","Pending","8907.77"
"ORD-50525","CUST-1588","2023-07-14","Processing","37066.04"
"ORD-50526","CUST-1760","2023-04-08","Pending","9652.21"
"ORD-50527","CUST-1541","2025-12-21","Delivered","44616.44"
"ORD-50528","CUST-1699","2024-05-17","Delivered","12190.61"
"ORD-50529","CUST-1720","2023-07-22","Shipped","25384.92"
"ORD-50530","CUST-1278","2025-02-24","Shipped","19699.35"
"ORD-50531","CUST-1574","2024-03-21","Shipped","23354.26"
"ORD-50532","CUST-1684","2024-06-24","Pending","20577.47"
"ORD-50533","CUST-1524","2023-06-09","Pending","13931.78"
"ORD-50534","CUST-1798","2023-09-06","Processing","17663.75"
"ORD-50535","CUST-1218","2025-04-25","Delivered","16310.23"
"ORD-50536","CUST-1536","2023-07-14","Cancelled","7577.25"
"ORD-50537","CUST-1247","2025-09-20","Shipped","61007.37"
"ORD-50538","CUST-1131","2025-06-09","Delivered","64370.13"
"ORD-50539","CUST-1283","2023-04-01","Shipped","53223.51"
"ORD-50540","CUST-1170","2023-01-25","Delivered","58424.35"
"ORD-50541","CUST-1004","2025-08-21","Delivered","46622.19"
"ORD-50542","CUST-1301","2023-08-09","Pending","37998.95"
"ORD-50543","CUST-1197","2023-01-06","Delivered","33519.3"
"ORD-50544","CUST-1001","2025-05-03","Shipped","59494.66"
"ORD-50545","CUST-1603","2023-07-03","Pending","26752.69"
"ORD-50546","CUST-1241","2024-09-10","Shipped","38965.67"
"ORD-50547","CUST-1149","2023-05-18","Delivered","36823.5"
"ORD-50548","CUST-1672","2025-05-20","Processing","47599.18"
"ORD-50549","CUST-1479","2025-09-03","Pending","8879.56"
"ORD-50550","CUST-1670","2024-05-08","Shipped","34590.89"
"ORD-50551","CUST-1310","2025-07-16","Shipped","13433.31"
"ORD-50552","CUST-1265","2023-02-12","Cancelled","8732.26"
"ORD-50553","CUST-1534","2025-06-15","Shipped","24144.83"
"ORD-50554","CUST-1557","2024-02-19","Pending","33930.61"
"ORD-50555","CUST-1068","2025-07-06","Cancelled","25993.18"
"ORD-50556","CUST-1389","2024-01-03","Shipped","5455.52"
"ORD-50557","CUST-1491","2025-09-27","Cancelled","5157.58"
"ORD-50558","CUST-1781","2025-08-01","Delivered","28079.75"
"ORD-50559","CUST-1032","2025-12-23","Delivered","61459.61"
"ORD-50560","CUST-1791","2023-02-04","Delivered","15365.67"
"ORD-50561","CUST-1442","2025-06-29","Shipped","8774.2"
"ORD-50562","CUST-1301","2025-08-20","Shipped","6341.61"
"ORD-50563","CUST-1091","2023-03-26","Delivered","44800.83"
"ORD-50564","CUST-1437","2025-10-08","Pending","51344.26"
"ORD-50565","CUST-1773","2024-07-02","Processing","29253.88"
"ORD-50566","CUST-1629","2023-04-05","Delivered","17960.27"
"ORD-50567","CUST-1767","2024-11-05","Cancelled","26791.72"
"ORD-50568","CUST-1325","2023-06-30","Delivered","8879.56"
"ORD-50569","CUST-1764","2023-04-21","Pending","24015.55"
"ORD-50570","CUST-1440","2025-12-13","Processing","13242.44"
"ORD-50571","CUST-1208","2024-09-04","Cancelled","5157.58"
"ORD-50572","CUST-1630","2024-03-27","Shipped","43899.61"
"ORD-50573","CUST-1315","2023-02-19","Processing","18868.79"
"ORD-50574","CUST-1360","2025-09-22","Delivered","61290.7"
"ORD-50575","CUST-1487","2024-09-18","Pending","63372.04"
"ORD-50576","CUST-1137","2024-08-07","Shipped","33762.89"
"ORD-50577","CUST-1582","2023-01-28","Shipped","26292.8"
"ORD-50578","CUST-1526","2025-06-05","Cancelled","13940.91"
"ORD-50579","CUST-1581","2024-05-10","Shipped","6120.11"
"ORD-50580","CUST-1522","2025-05-20","Delivered","30781.83"
"ORD-50581","CUST-1421","2024-11-07","Delivered","21413.02"
"ORD-50582","CUST-1524","2023-10-05","Processing","27716.25"
"ORD-50583","CUST-1650","2024-05-02","Shipped","6341.61"
"ORD-50584","CUST-1740","2023-07-17","Processing","17759.12"
"ORD-50585","CUST-1476","2023-08-22","Shipped","39249.23"
"ORD-50586","CUST-1621","2023-11-25","Shipped","30360.48"
"ORD-50587","CUST-1790","2025-12-04","Shipped","15365.67"
"ORD-50588","CUST-1678","2025-11-08","Pending","3371.8"
"ORD-50589","CUST-1183","2023-09-04","Pending","65611.38"
"ORD-50590","CUST-1032","2024-01-26","Shipped","35610.6"
"ORD-50591","CUST-1656","2025-04-07","Processing","37893.24"
"ORD-50592","CUST-1655","2023-11-30","Cancelled","34644.61"
"ORD-50593","CUST-1424","2024-12-31","Cancelled","17434.16"
"ORD-50594","CUST-1739","2025-10-09","Pending","21868.14"
"ORD-50595","CUST-1081","2023-11-15","Shipped","35397.54"
"ORD-50596","CUST-1627","2025-08-23","Delivered","41095.59"
"ORD-50597","CUST-1300","2025-03-10","Delivered","82272.32"
"ORD-50598","CUST-1568","2025-01-21","Processing","17473.6"
"ORD-50599","CUST-1313","2023-12-02","Shipped","32791.85"
"ORD-50600","CUST-1796","2024-08-26","Delivered","8423.09"
"ORD-50601","CUST-1270","2023-04-14","Shipped","19912.87"
"ORD-50602","CUST-1407","2024-02-18","Pending","27512.85"
"ORD-50603","CUST-1366","2024-02-15","Cancelled","51716.3"
"ORD-50604","CUST-1363","2025-02-02","Cancelled","37559.4"
"ORD-50605","CUST-1652","2023-09-24","Cancelled","8476.53"
"ORD-50606","CUST-1420","2025-08-31","Shipped","13699.1"
"ORD-50607","CUST-1780","2025-07-15","Pending","24417.53"
"ORD-50608","CUST-1775","2025-05-11","Pending","24764.89"
"ORD-50609","CUST-1602","2024-11-05","Pending","14167.46"
"ORD-50610","CUST-1201","2024-02-03","Delivered","14345.44"
"ORD-50611","CUST-1325","2023-12-04","Shipped","4646.97"
"ORD-50612","CUST-1497","2025-07-13","Delivered","9238.75"
"ORD-50613","CUST-1266","2024-11-12","Delivered","33250.06"
"ORD-50614","CUST-1720","2025-07-12","Pending","5651.02"
"ORD-50615","CUST-1320","2023-04-26","Shipped","35625.61"
"ORD-50616","CUST-1561","2024-08-26","Cancelled","40072.83"
"ORD-50617","CUST-1200","2024-09-13","Processing","15538.12"
"ORD-50618","CUST-1261","2025-03-24","Shipped","30647.99"
"ORD-50619","CUST-1197","2024-03-05","Cancelled","6531.02"
"ORD-50620","CUST-1450","2023-06-23","Cancelled","21074.88"
"ORD-50621","CUST-1440","2024-02-18","Processing","32585.38"
"ORD-50622","CUST-1085","2023-03-22","Delivered","28262.93"
"ORD-50623","CUST-1368","2023-06-15","Cancelled","19737.08"
"ORD-50624","CUST-1419","2025-09-28","Shipped","61529.2"
"ORD-50625","CUST-1080","2025-06-14","Cancelled","4227.74"
"ORD-50626","CUST-1580","2025-01-14","Processing","47399.15"
"ORD-50627","CUST-1756","2023-06-06","Shipped","4085.29"
"ORD-50628","CUST-1077","2025-05-20","Processing","55708.93"
"ORD-50629","CUST-1128","2023-04-07","Pending","35369.89"
"ORD-50630","CUST-1367","2025-11-07","Pending","32366.67"
"ORD-50631","CUST-1163","2023-08-16","Processing","45625.34"
"ORD-50632","CUST-1016","2025-06-25","Delivered","17548.4"
"ORD-50633","CUST-1094","2023-02-19","Pending","34827.45"
"ORD-50634","CUST-1159","2024-07-31","Cancelled","42242.66"
"ORD-50635","CUST-1795","2023-08-23","Delivered","24242.19"
"ORD-50636","CUST-1736","2023-03-27","Cancelled","41081.5"
"ORD-50637","CUST-1019","2024-12-25","Pending","36142.31"
"ORD-50638","CUST-1680","2024-10-17","Shipped","15740"
"ORD-50639","CUST-1370","2023-02-23","Shipped","55406.35"
"ORD-50640","CUST-1400","2023-02-08","Pending","36690.19"
"ORD-50641","CUST-1089","2024-04-28","Cancelled","51955.07"
"ORD-50642","CUST-1449","2023-05-09","Processing","22172.13"
"ORD-50643","CUST-1102","2023-02-15","Shipped","39355.41"
"ORD-50644","CUST-1637","2023-04-01","Pending","4646.97"
"ORD-50645","CUST-1520","2024-02-05","Pending","6120.11"
"ORD-50646","CUST-1464","2024-10-23","Delivered","58022.7"
"ORD-50647","CUST-1562","2024-07-25","Delivered","5051.5"
"ORD-50648","CUST-1708","2024-06-25","Processing","20353.72"
"ORD-50649","CUST-1343","2023-03-29","Processing","24487.41"
"ORD-50650","CUST-1041","2023-01-21","Shipped","4227.74"
"ORD-50651","CUST-1050","2024-09-21","Processing","28338.62"
"ORD-50652","CUST-1697","2023-12-07","Processing","28655.89"
"ORD-50653","CUST-1259","2025-09-04","Delivered","39795.08"
"ORD-50654","CUST-1724","2024-11-03","Shipped","14198.47"
"ORD-50655","CUST-1480","2025-06-01","Processing","4691.96"
"ORD-50656","CUST-1391","2023-12-18","Cancelled","61301.28"
"ORD-50657","CUST-1430","2023-09-20","Processing","52920.76"
"ORD-50658","CUST-1142","2024-04-22","Shipped","21616.59"
"ORD-50659","CUST-1591","2023-05-01","Cancelled","30654.11"
"ORD-50660","CUST-1505","2024-01-27","Pending","40347.93"
"ORD-50661","CUST-1195","2024-07-13","Cancelled","39139.32"
"ORD-50662","CUST-1418","2023-03-17","Pending","8774.2"
"ORD-50663","CUST-1641","2025-03-30","Cancelled","12146.35"
"ORD-50664","CUST-1383","2025-01-07","Shipped","17938.01"
"ORD-50665","CUST-1305","2025-02-11","Delivered","8476.53"
"ORD-50666","CUST-1378","2023-08-31","Delivered","31363.09"
"ORD-50667","CUST-1332","2025-06-10","Pending","22389.57"
"ORD-50668","CUST-1761","2023-07-26","Delivered","22321.86"
"ORD-50669","CUST-1070","2025-11-07","Processing","16427.69"
"ORD-50670","CUST-1562","2025-03-28","Processing","41659.57"
"ORD-50671","CUST-1257","2025-11-18","Delivered","13419.22"
"ORD-50672","CUST-1329","2025-07-08","Cancelled","26210.13"
"ORD-50673","CUST-1412","2024-01-26","Cancelled","8879.56"
"ORD-50674","CUST-1415","2025-07-14","Processing","17834.93"
"ORD-50675","CUST-1179","2024-08-06","Shipped","59982.43"
"ORD-50676","CUST-1649","2025-05-10","Cancelled","33230.26"
"ORD-50677","CUST-1098","2024-02-22","Processing","57428.23"
"ORD-50678","CUST-1745","2025-05-28","Pending","7039.77"
"ORD-50679","CUST-1530","2023-07-05","Shipped","24270.61"
"ORD-50680","CUST-1707","2025-04-12","Delivered","24390.78"
"ORD-50681","CUST-1626","2024-11-27","Pending","22072.47"
"ORD-50682","CUST-1177","2024-07-20","Delivered","48481.77"
"ORD-50683","CUST-1232","2024-12-07","Cancelled","7769.06"
"ORD-50684","CUST-1498","2024-08-14","Shipped","24946.66"
"ORD-50685","CUST-1155","2023-03-21","Shipped","32359.39"
"ORD-50686","CUST-1234","2024-06-28","Cancelled","25400.1"
"ORD-50687","CUST-1087","2023-11-17","Cancelled","34718.79"
"ORD-50688","CUST-1628","2024-01-02","Delivered","40025.24"
"ORD-50689","CUST-1729","2025-05-01","Delivered","47010.71"
"ORD-50690","CUST-1348","2023-08-11","Processing","13580.88"
"ORD-50691","CUST-1506","2025-10-30","Delivered","30326.75"
"ORD-50692","CUST-1695","2025-12-18","Pending","52160.53"
"ORD-50693","CUST-1044","2023-04-24","Delivered","14303.39"
"ORD-50694","CUST-1140","2025-07-14","Cancelled","4227.74"
"ORD-50695","CUST-1605","2025-10-08","Pending","42307.49"
"ORD-50696","CUST-1750","2024-09-07","Processing","29762.54"
"ORD-50697","CUST-1729","2025-06-21","Shipped","51517.85"
"ORD-50698","CUST-1140","2023-07-16","Delivered","28402.97"
"ORD-50699","CUST-1751","2024-06-24","Cancelled","45301.91"
"ORD-50700","CUST-1517","2025-04-30","Processing","9293.94"
"ORD-50701","CUST-1217","2025-04-21","Cancelled","9053.92"
"ORD-50702","CUST-1270","2023-08-23","Shipped","42206.02"
"ORD-50703","CUST-1619","2024-12-30","Delivered","2525.75"
"ORD-50704","CUST-1660","2023-06-13","Pending","19282.85"
"ORD-50705","CUST-1421","2024-12-18","Delivered","7961.57"
"ORD-50706","CUST-1647","2025-10-21","Processing","26034.94"
"ORD-50707","CUST-1787","2025-10-06","Cancelled","24355.06"
"ORD-50708","CUST-1489","2025-06-22","Processing","34375.05"
"ORD-50709","CUST-1690","2024-06-03","Delivered","33540.8"
"ORD-50710","CUST-1787","2024-03-05","Processing","11121.14"
"ORD-50711","CUST-1484","2023-02-18","Pending","32938.1"
"ORD-50712","CUST-1147","2024-11-25","Delivered","35607.05"
"ORD-50713","CUST-1602","2024-10-22","Delivered","16631.17"
"ORD-50714","CUST-1344","2024-05-07","Processing","5651.02"
"ORD-50715","CUST-1135","2025-09-01","Shipped","35604.5"
"ORD-50716","CUST-1795","2025-07-07","Processing","5696.67"
"ORD-50717","CUST-1798","2025-01-30","Processing","66722.86"
"ORD-50718","CUST-1247","2025-09-08","Delivered","31609.57"
"ORD-50719","CUST-1459","2023-10-24","Delivered","2727.76"
"ORD-50720","CUST-1740","2023-08-12","Cancelled","4646.97"
"ORD-50721","CUST-1352","2025-08-29","Pending","45300.96"
"ORD-50722","CUST-1589","2024-03-29","Shipped","26638.68"
"ORD-50723","CUST-1155","2025-04-04","Shipped","4406.79"
"ORD-50724","CUST-1646","2023-09-08","Delivered","30557.3"
"ORD-50725","CUST-1694","2024-04-13","Processing","24606.62"
"ORD-50726","CUST-1541","2023-06-11","Delivered","65199.45"
"ORD-50727","CUST-1663","2025-01-20","Delivered","2937.86"
"ORD-50728","CUST-1519","2024-09-06","Pending","35295.36"
"ORD-50729","CUST-1299","2024-01-04","Processing","52733.87"
"ORD-50730","CUST-1272","2024-10-11","Shipped","64344.76"
"ORD-50731","CUST-1290","2025-10-16","Delivered","56021.01"
"ORD-50732","CUST-1072","2025-04-21","Shipped","27117.52"
"ORD-50733","CUST-1179","2023-02-18","Shipped","7083.73"
"ORD-50734","CUST-1477","2025-02-10","Pending","14167.46"
"ORD-50735","CUST-1285","2025-05-05","Delivered","32189.99"
"ORD-50736","CUST-1293","2023-02-14","Processing","21213.97"
"ORD-50737","CUST-1152","2023-03-19","Shipped","7083.73"
"ORD-50738","CUST-1267","2024-05-26","Pending","59603.38"
"ORD-50739","CUST-1482","2023-09-18","Shipped","60428.4"
"ORD-50740","CUST-1246","2025-10-07","Shipped","4857.7"
"ORD-50741","CUST-1398","2025-12-13","Cancelled","22883.66"
"ORD-50742","CUST-1200","2024-01-24","Pending","14999.67"
"ORD-50743","CUST-1081","2025-04-05","Delivered","29656.01"
"ORD-50744","CUST-1688","2024-03-20","Cancelled","64170.68"
"ORD-50745","CUST-1038","2024-09-13","Shipped","23803.64"
"ORD-50746","CUST-1398","2024-03-05","Pending","10295.35"
"ORD-50747","CUST-1511","2025-02-24","Processing","52122.22"
"ORD-50748","CUST-1778","2023-04-09","Cancelled","36901.69"
"ORD-50749","CUST-1728","2023-07-06","Pending","33730.49"
"ORD-50750","CUST-1407","2023-03-22","Pending","24430.38"
"ORD-50751","CUST-1001","2024-12-30","Processing","29795.73"
"ORD-50752","CUST-1200","2024-02-15","Cancelled","10090.52"
"ORD-50753","CUST-1793","2025-04-06","Shipped","26638.68"
"ORD-50754","CUST-1323","2023-04-04","Cancelled","37365.1"
"ORD-50755","CUST-1453","2024-01-14","Delivered","21237.18"
"ORD-50756","CUST-1459","2023-10-19","Processing","50420.94"
"ORD-50757","CUST-1181","2025-01-08","Shipped","36177.22"
"ORD-50758","CUST-1442","2023-06-12","Cancelled","11772.57"
"ORD-50759","CUST-1565","2023-02-01","Shipped","42462.19"
"ORD-50760","CUST-1200","2023-11-14","Delivered","11901.18"
"ORD-50761","CUST-1268","2024-12-29","Processing","13940.91"
"ORD-50762","CUST-1320","2025-11-19","Cancelled","9293.94"
"ORD-50763","CUST-1263","2024-01-29","Shipped","18053.49"
"ORD-50764","CUST-1574","2023-02-08","Processing","36791.15"
"ORD-50765","CUST-1573","2025-01-16","Pending","50658.61"
"ORD-50766","CUST-1619","2024-06-21","Cancelled","56908.77"
"ORD-50767","CUST-1368","2023-05-13","Pending","15493.47"
"ORD-50768","CUST-1339","2023-05-03","Pending","4477.77"
"ORD-50769","CUST-1063","2025-11-22","Processing","26300.21"
"ORD-50770","CUST-1704","2024-11-20","Cancelled","31031.12"
"ORD-50771","CUST-1379","2025-11-21","Delivered","58401.76"
"ORD-50772","CUST-1421","2023-07-14","Delivered","46144.26"
"ORD-50773","CUST-1106","2024-11-18","Shipped","35017.46"
"ORD-50774","CUST-1128","2023-11-24","Shipped","7577.25"
"ORD-50775","CUST-1736","2025-02-06","Cancelled","26836.86"
"ORD-50776","CUST-1711","2025-10-14","Shipped","5899.59"
"ORD-50777","CUST-1023","2025-01-26","Processing","53527.52"
"ORD-50778","CUST-1512","2025-03-28","Shipped","23002.58"
"ORD-50779","CUST-1686","2023-09-24","Pending","48887.14"
"ORD-50780","CUST-1402","2024-11-04","Processing","34799.13"
"ORD-50781","CUST-1064","2025-06-12","Cancelled","35412.88"
"ORD-50782","CUST-1500","2023-02-04","Delivered","44617.9"
"ORD-50783","CUST-1374","2023-01-02","Pending","44393.68"
"ORD-50784","CUST-1494","2023-05-05","Delivered","9669.09"
"ORD-50785","CUST-1055","2025-10-29","Processing","52784.98"
"ORD-50786","CUST-1179","2023-01-28","Pending","3103.87"
"ORD-50787","CUST-1161","2025-08-01","Processing","27716.68"
"ORD-50788","CUST-1303","2024-11-30","Pending","31908.67"
"ORD-50789","CUST-1370","2025-11-08","Shipped","7577.25"
"ORD-50790","CUST-1620","2023-12-20","Processing","18716.8"
"ORD-50791","CUST-1615","2023-12-25","Processing","7819.5"
"ORD-50792","CUST-1293","2024-06-10","Processing","33793.17"
"ORD-50793","CUST-1664","2025-10-06","Pending","30708.58"
"ORD-50794","CUST-1104","2025-05-13","Processing","50343.91"
"ORD-50795","CUST-1442","2023-04-01","Processing","41567.43"
"ORD-50796","CUST-1162","2024-01-13","Pending","46606.51"
"ORD-50797","CUST-1086","2024-03-31","Processing","25056.26"
"ORD-50798","CUST-1348","2025-04-02","Delivered","26322.6"
"ORD-50799","CUST-1087","2023-03-19","Delivered","8717.08"
"ORD-50800","CUST-1421","2024-03-12","Delivered","7245.61"
"ORD-50801","CUST-1288","2023-02-17","Cancelled","36467.5"
"ORD-50802","CUST-1197","2024-04-18","Processing","35849.24"
"ORD-50803","CUST-1006","2024-07-11","Delivered","22072.47"
"ORD-50804","CUST-1503","2023-05-12","Pending","31775.28"
"ORD-50805","CUST-1791","2025-01-25","Cancelled","21119.31"
"ORD-50806","CUST-1239","2025-02-19","Processing","58831.04"
"ORD-50807","CUST-1287","2023-07-18","Cancelled","16924.23"
"ORD-50808","CUST-1352","2024-10-10","Processing","10015.28"
"ORD-50809","CUST-1657","2023-05-06","Cancelled","4085.29"
"ORD-50810","CUST-1565","2023-09-11","Cancelled","25056.26"
"ORD-50811","CUST-1476","2024-09-16","Delivered","53889.17"
"ORD-50812","CUST-1074","2025-02-27","Pending","21251.19"
"ORD-50813","CUST-1204","2025-05-16","Cancelled","38423.23"
"ORD-50814","CUST-1271","2023-10-01","Pending","9669.09"
"ORD-50815","CUST-1100","2024-11-03","Delivered","30375.31"
"ORD-50816","CUST-1571","2023-04-19","Delivered","29795.73"
"ORD-50817","CUST-1551","2023-04-01","Pending","14491.22"
"ORD-50818","CUST-1400","2023-05-29","Pending","25034.76"
"ORD-50819","CUST-1119","2025-10-07","Delivered","35235.06"
"ORD-50820","CUST-1263","2025-03-07","Cancelled","28390.15"
"ORD-50821","CUST-1624","2025-07-07","Delivered","4857.7"
"ORD-50822","CUST-1117","2025-04-06","Processing","38724.79"
"ORD-50823","CUST-1088","2023-09-14","Shipped","44736.42"
"ORD-50824","CUST-1022","2024-10-31","Pending","3103.87"
"ORD-50825","CUST-1346","2025-10-07","Delivered","57045.06"
"ORD-50826","CUST-1367","2023-01-04","Processing","51238.73"
"ORD-50827","CUST-1458","2025-07-11","Pending","64025.47"
"ORD-50828","CUST-1678","2025-06-10","Shipped","34961.86"
"ORD-50829","CUST-1099","2023-03-23","Cancelled","19367.11"
"ORD-50830","CUST-1299","2024-03-31","Delivered","49223.25"
"ORD-50831","CUST-1051","2023-02-16","Delivered","11114.08"
"ORD-50832","CUST-1472","2025-04-06","Cancelled","50769.6"
"ORD-50833","CUST-1158","2023-10-16","Cancelled","42173.69"
"ORD-50834","CUST-1641","2024-09-02","Shipped","16088.61"
"ORD-50835","CUST-1591","2025-08-31","Shipped","8879.56"
"ORD-50836","CUST-1638","2023-10-16","Pending","21161.04"
"ORD-50837","CUST-1006","2023-12-07","Pending","7577.25"
"ORD-50838","CUST-1773","2024-12-01","Delivered","26322.6"
"ORD-50839","CUST-1444","2023-10-23","Processing","7736.37"
"ORD-50840","CUST-1781","2024-04-17","Shipped","2825.51"
"ORD-50841","CUST-1287","2025-05-12","Processing","45949.72"
"ORD-50842","CUST-1101","2023-05-28","Processing","37677.66"
"ORD-50843","CUST-1591","2024-08-05","Cancelled","28075.2"
"ORD-50844","CUST-1561","2025-09-09","Processing","71325.81"
"ORD-50845","CUST-1092","2024-08-11","Processing","36964.46"
"ORD-50846","CUST-1260","2025-06-13","Processing","18980.7"
"ORD-50847","CUST-1314","2025-07-02","Delivered","14079.54"
"ORD-50848","CUST-1482","2024-03-03","Shipped","19946.74"
"ORD-50849","CUST-1058","2025-01-03","Cancelled","25560.34"
"ORD-50850","CUST-1287","2025-07-19","Shipped","24459.01"
"ORD-50851","CUST-1666","2025-09-27","Pending","47938.86"
"ORD-50852","CUST-1135","2023-01-11","Shipped","56935.68"
"ORD-50853","CUST-1250","2025-06-04","Delivered","18034.18"
"ORD-50854","CUST-1277","2023-11-28","Pending","12255.87"
"ORD-50855","CUST-1457","2024-05-12","Pending","19934.95"
"ORD-50856","CUST-1634","2025-02-10","Shipped","38445.65"
"ORD-50857","CUST-1082","2023-02-11","Pending","62463.3"
"ORD-50858","CUST-1378","2025-08-27","Delivered","42044.65"
"ORD-50859","CUST-1018","2025-05-08","Cancelled","21526.82"
"ORD-50860","CUST-1579","2024-02-09","Delivered","35899.53"
"ORD-50861","CUST-1026","2024-05-25","Processing","58054.26"
"ORD-50862","CUST-1442","2024-05-18","Processing","60787"
"ORD-50863","CUST-1499","2025-10-18","Delivered","11233.28"
"ORD-50864","CUST-1400","2024-08-06","Pending","7577.25"
"ORD-50865","CUST-1636","2025-01-01","Delivered","14714.98"
"ORD-50866","CUST-1093","2024-12-12","Processing","39142.91"
"ORD-50867","CUST-1259","2023-07-10","Delivered","7245.61"
"ORD-50868","CUST-1606","2025-04-28","Cancelled","11992.07"
"ORD-50869","CUST-1397","2025-01-14","Pending","45847.75"
"ORD-50870","CUST-1062","2024-01-16","Processing","31973.62"
"ORD-50871","CUST-1025","2024-07-14","Shipped","24880.76"
"ORD-50872","CUST-1536","2025-01-03","Shipped","55689.39"
"ORD-50873","CUST-1778","2023-12-21","Delivered","29074.82"
"ORD-50874","CUST-1638","2023-11-29","Pending","42809.8"
"ORD-50875","CUST-1656","2025-07-29","Shipped","26638.68"
"ORD-50876","CUST-1696","2023-10-11","Pending","26181.62"
"ORD-50877","CUST-1144","2024-12-28","Cancelled","18669.44"
"ORD-50878","CUST-1266","2024-02-01","Processing","28580.74"
"ORD-50879","CUST-1656","2024-08-17","Pending","50246.61"
"ORD-50880","CUST-1323","2025-11-19","Cancelled","23751.68"
"ORD-50881","CUST-1458","2024-11-08","Cancelled","4526.96"
"ORD-50882","CUST-1729","2024-03-07","Processing","20573.38"
"ORD-50883","CUST-1571","2023-03-26","Cancelled","37154.71"
"ORD-50884","CUST-1750","2025-01-02","Cancelled","6446.06"
"ORD-50885","CUST-1071","2025-02-05","Shipped","38009.58"
"ORD-50886","CUST-1465","2025-08-20","Delivered","10243.78"
"ORD-50887","CUST-1512","2025-09-25","Shipped","19772.46"
"ORD-50888","CUST-1299","2025-08-31","Delivered","25247.98"
"ORD-50889","CUST-1779","2024-02-18","Processing","34399.08"
"ORD-50890","CUST-1173","2024-01-25","Cancelled","39392.56"
"ORD-50891","CUST-1496","2024-06-07","Cancelled","7937.9"
"ORD-50892","CUST-1773","2025-12-18","Cancelled","15875.8"
"ORD-50893","CUST-1173","2025-07-02","Shipped","22531.92"
"ORD-50894","CUST-1069","2023-10-18","Delivered","38493.26"
"ORD-50895","CUST-1636","2024-07-07","Shipped","25073.88"
"ORD-50896","CUST-1644","2024-06-16","Pending","24517.89"
"ORD-50897","CUST-1081","2024-09-27","Shipped","46839.63"
"ORD-50898","CUST-1514","2023-11-17","Cancelled","34057.48"
"ORD-50899","CUST-1733","2023-02-17","Processing","45479.27"
"ORD-50900","CUST-1181","2024-02-19","Processing","8344.92"
"ORD-50901","CUST-1051","2023-05-05","Shipped","26354.56"
"ORD-50902","CUST-1611","2024-01-05","Processing","39364.07"
"ORD-50903","CUST-1706","2025-08-11","Pending","6446.06"
"ORD-50904","CUST-1580","2023-03-10","Pending","22595.49"
"ORD-50905","CUST-1620","2024-03-24","Shipped","29776.41"
"ORD-50906","CUST-1742","2024-09-07","Pending","13697.36"
"ORD-50907","CUST-1273","2025-03-11","Delivered","32665.58"
"ORD-50908","CUST-1726","2025-06-17","Shipped","4646.97"
"ORD-50909","CUST-1698","2025-01-14","Cancelled","9648.85"
"ORD-50910","CUST-1021","2025-08-09","Delivered","17327.73"
"ORD-50911","CUST-1161","2023-05-15","Delivered","2727.76"
"ORD-50912","CUST-1635","2023-04-29","Delivered","22704.76"
"ORD-50913","CUST-1712","2024-01-26","Shipped","43958.74"
"ORD-50914","CUST-1723","2024-05-21","Cancelled","43712.41"
"ORD-50915","CUST-1586","2025-05-09","Processing","54409.46"
"ORD-50916","CUST-1153","2023-05-14","Delivered","7769.06"
"ORD-50917","CUST-1684","2024-11-10","Pending","10763.41"
"ORD-50918","CUST-1328","2023-11-24","Pending","22195.37"
"ORD-50919","CUST-1146","2023-06-26","Cancelled","11840.67"
"ORD-50920","CUST-1710","2023-01-08","Shipped","34803.94"
"ORD-50921","CUST-1123","2025-05-21","Processing","58020.28"
"ORD-50922","CUST-1705","2025-02-26","Delivered","55942.51"
"ORD-50923","CUST-1724","2024-10-06","Processing","57519.22"
"ORD-50924","CUST-1551","2023-06-26","Shipped","45542.35"
"ORD-50925","CUST-1280","2025-10-25","Shipped","38431.2"
"ORD-50926","CUST-1677","2024-10-13","Cancelled","25135.26"
"ORD-50927","CUST-1386","2023-08-15","Delivered","9358.4"
"ORD-50928","CUST-1073","2025-02-06","Processing","20722.26"
"ORD-50929","CUST-1038","2023-01-26","Shipped","48288.59"
"ORD-50930","CUST-1375","2025-09-30","Shipped","6120.11"
"ORD-50931","CUST-1483","2024-07-11","Cancelled","20524.28"
"ORD-50932","CUST-1798","2025-04-14","Cancelled","29634.77"
"ORD-50933","CUST-1065","2025-04-03","Pending","5157.58"
"ORD-50934","CUST-1530","2024-09-07","Cancelled","11506.89"
"ORD-50935","CUST-1422","2025-01-04","Delivered","21119.31"
"ORD-50936","CUST-1124","2024-11-02","Pending","15644.22"
"ORD-50937","CUST-1442","2024-02-08","Delivered","29727.72"
"ORD-50938","CUST-1433","2024-09-26","Pending","37403.45"
"ORD-50939","CUST-1528","2024-08-20","Delivered","21745.86"
"ORD-50940","CUST-1169","2023-01-01","Delivered","16308.64"
"ORD-50941","CUST-1501","2024-04-04","Cancelled","10102.49"
"ORD-50942","CUST-1228","2023-08-04","Cancelled","44342.42"
"ORD-50943","CUST-1046","2023-12-02","Delivered","38009.58"
"ORD-50944","CUST-1471","2023-06-30","Shipped","13940.91"
"ORD-50945","CUST-1008","2023-04-08","Pending","26638.68"
"ORD-50946","CUST-1055","2025-07-17","Pending","8681.38"
"ORD-50947","CUST-1269","2025-07-06","Shipped","15126.08"
"ORD-50948","CUST-1088","2023-03-31","Delivered","61597.27"
"ORD-50949","CUST-1542","2023-08-13","Processing","54485.96"
"ORD-50950","CUST-1071","2023-10-19","Cancelled","17022.72"
"ORD-50951","CUST-1478","2025-02-25","Cancelled","9358.4"
"ORD-50952","CUST-1284","2025-01-13","Processing","2578.79"
"ORD-50953","CUST-1177","2025-03-21","Shipped","34484.93"
"ORD-50954","CUST-1355","2024-02-12","Cancelled","14770.74"
"ORD-50955","CUST-1738","2023-10-19","Pending","17160.17"
"ORD-50956","CUST-1559","2024-09-18","Delivered","10115.4"
"ORD-50957","CUST-1270","2023-06-03","Shipped","7271.45"
"ORD-50958","CUST-1623","2024-11-02","Cancelled","55939.87"
"ORD-50959","CUST-1774","2023-12-20","Processing","26128.39"
"ORD-50960","CUST-1644","2023-09-25","Processing","33806.86"
"ORD-50961","CUST-1766","2023-08-31","Processing","20284.87"
"ORD-50962","CUST-1209","2025-08-22","Cancelled","43592.6"
"ORD-50963","CUST-1602","2023-07-31","Processing","24049.48"
"ORD-50964","CUST-1738","2025-05-29","Processing","37831.65"
"ORD-50965","CUST-1125","2023-06-22","Processing","6099.56"
"ORD-50966","CUST-1723","2023-03-25","Processing","14359.88"
"ORD-50967","CUST-1344","2024-12-04","Processing","17473.6"
"ORD-50968","CUST-1117","2024-11-25","Cancelled","9053.92"
"ORD-50969","CUST-1724","2023-08-30","Delivered","42004.35"
"ORD-50970","CUST-1686","2023-05-07","Processing","16398.17"
"ORD-50971","CUST-1686","2023-03-13","Cancelled","25690.71"
"ORD-50972","CUST-1095","2024-10-11","Processing","34772.83"
"ORD-50973","CUST-1358","2025-02-08","Delivered","19733.89"
"ORD-50974","CUST-1699","2024-04-22","Cancelled","60039.43"
"ORD-50975","CUST-1191","2025-08-03","Processing","65024.95"
"ORD-50976","CUST-1251","2023-11-14","Delivered","12819.27"
"ORD-50977","CUST-1568","2023-08-17","Processing","5455.52"
"ORD-50978","CUST-1071","2024-09-15","Shipped","11371.77"
"ORD-50979","CUST-1058","2025-03-22","Shipped","26174.27"
"ORD-50980","CUST-1035","2024-01-06","Cancelled","25206"
"ORD-50981","CUST-1755","2024-05-05","Cancelled","9238.75"
"ORD-50982","CUST-1252","2023-04-09","Delivered","8754.89"
"ORD-50983","CUST-1751","2025-06-17","Processing","8183.28"
"ORD-50984","CUST-1184","2023-10-14","Delivered","4477.77"
"ORD-50985","CUST-1064","2023-09-28","Pending","7039.77"
"ORD-50986","CUST-1070","2023-12-17","Pending","21119.31"
"ORD-50987","CUST-1604","2024-06-04","Shipped","21977.53"
"ORD-50988","CUST-1631","2023-02-17","Processing","50166.17"
"ORD-50989","CUST-1235","2025-12-11","Processing","26322.6"
"ORD-50990","CUST-1532","2025-11-26","Cancelled","35481.01"
"ORD-50991","CUST-1093","2023-09-02","Shipped","39625.15"
"ORD-50992","CUST-1299","2023-04-18","Processing","17337.7"
"ORD-50993","CUST-1021","2024-09-12","Shipped","47585.31"
"ORD-50994","CUST-1532","2023-01-31","Processing","2525.75"
"ORD-50995","CUST-1236","2025-10-25","Cancelled","25559.34"
"ORD-50996","CUST-1439","2025-10-27","Processing","54502.12"
"ORD-50997","CUST-1101","2023-01-19","Processing","11337.85"
"ORD-50998","CUST-1461","2024-06-15","Shipped","2578.79"
"ORD-50999","CUST-1243","2024-07-31","Processing","7245.61"
"ORD-51000","CUST-1246","2023-12-06","Processing","19863.66"